,Unnamed: 0.1,Unnamed: 0,Name,Card,Price,Ram,Link
0,0,0,Laptop Acer Aspire 3 A315-58-53S6 NX.AM0SV.005,INTEL,15990000.0,8GB,https://cellphones.com.vn/laptop-acer-aspire-3-a315-58-53s6.html
1,1,1,Laptop MSI Crosshair 15 B12UEZ-460VN,NVIDIA,34990000.0,16GB,https://cellphones.com.vn/laptop-msi-gaming-crosshair-15-b12uez-460vn.html
2,2,2,Laptop Lenovo Ideapad Gaming 3 15IAH7 82S9006YVN,NVIDIA,22300000.0,8GB,https://cellphones.com.vn/laptop-lenovo-ideapad-gaming-3-15iah7-82s9006yvn.html
3,3,3,Laptop Gigabyte G5 GD-51VN123SO,NVIDIA,19990000.0,16GB,https://cellphones.com.vn/laptop-gigabyte-g5-gd-51vn123so.html
4,4,4,Laptop Lenovo Ideapad 3 15IAU7 82RK001GVN,INTEL,13600000.0,8GB,https://cellphones.com.vn/laptop-lenovo-ideapad-3-15iau7-82rk001gvn.html
5,5,5,Laptop HP Pavilion 15-EG2037TX 6K783PA,NVIDIA,16300000.0,8GB,https://cellphones.com.vn/laptop-hp-pavilion-15-eg2037tx-6k783pa.html
6,6,6,Laptop HP 245 G9 6L1N8PA,AMD,13000000.0,8GB,https://cellphones.com.vn/laptop-hp-245-g9-6l1n8pa.html
7,7,7,Laptop Lenovo Ideapad Gaming 3 15IHU6 82K101HGVN,NVIDIA,19600000.0,8GB,https://cellphones.com.vn/laptop-lenovo-ideapad-gaming-3-15ihu6-82k101hgvn.html
8,8,8,Laptop Acer Aspire 3 A315-56-38B1 NX.HS5SV.00G,INTEL,8700000.0,4GB,https://cellphones.com.vn/laptop-acer-aspire-3-a315-56-38b1.html
9,9,9,Laptop Lenovo Ideapad 5 Pro 14ITL6 82L300MAVN,INTEL,22300000.0,16GB,https://cellphones.com.vn/laptop-lenovo-ideapad-5-pro-14itl6-82l300mavn.html
10,10,10,Apple MacBook Air M1 256GB 2020 I Chính hãng Apple Việt Nam,APPLE,22990000.0,8GB,https://cellphones.com.vn/macbook-air-2020-m1.html
11,11,11,Apple Macbook Air M2 2022 8GB 256GB I Chính hãng Apple Việt Nam,APPLE,32990000.0,8GB,https://cellphones.com.vn/macbook-air-m2-2022.html
12,12,12,Mac mini M2 2023 (8 CPU - 10 GPU - 8GB - 256GB) | Chính hãng Apple Việt Nam,APPLE,15990000.0,8GB,https://cellphones.com.vn/mac-mini-m2-2023.html
13,13,13,Laptop Asus Gaming Rog Strix G15 G513IH HN015W,NVIDIA,19000000.0,8GB,https://cellphones.com.vn/laptop-asus-gaming-rog-strix-g15-g513ih-hn015w.html
14,14,14,Apple Macbook Pro 13 M2 2022 8GB 256GB I Chính hãng Apple Việt Nam,APPLE,35990000.0,8GB,https://cellphones.com.vn/macbook-pro-m2-2022.html
15,15,15,Apple Macbook Air M2 2022 16GB 256GB I Chính hãng Apple Việt Nam,APPLE,39990000.0,16GB,https://cellphones.com.vn/macbook-air-m2-2022-16gb.html
16,16,16,Laptop ASUS Gaming TUF FX506LHB-HN188W,NVIDIA,18000000.0,8GB,https://cellphones.com.vn/laptop-asus-gaming-tuf-fx506lhb-hn188w.html
17,17,17,Apple MacBook Pro 13 Touch Bar M1 256GB 2020 I Chính hãng Apple Việt Nam,APPLE,35990000.0,8GB,https://cellphones.com.vn/macbook-pro-2020-13-inch-touch-bar-m1.html
18,18,18,MacBook Pro 14 inch M2 Pro 2023 (10 CPU - 16 GPU - 16GB - 512GB),APPLE,52990000.0,16GB,https://cellphones.com.vn/macbook-pro-14-inch-m2-pro-2023.html
19,19,19,Laptop Lenovo Ideapad Gaming 3 15ARH7,NVIDIA,23900000.0,8GB,https://cellphones.com.vn/laptop-lenovo-ideapad-gaming-3-15arh7-82sb0078vn.html
20,20,20,Laptop Lenovo Ideapad Gaming 3 15ARH7,NVIDIA,27490000.0,8GB,https://cellphones.com.vn/laptop-lenovo-ideapad-gaming-3-15arh7-82sb007kvn.html
21,21,21,Laptop ASUS X515MA-BR481W,INTEL,7600000.0,4GB,https://cellphones.com.vn/laptop-asus-x515ma-br481w.html
22,22,22,Laptop gaming MSI GF63 Thin 11SC 664VN,NVIDIA,16490000.0,8GB,https://cellphones.com.vn/laptop-msi-gaming-gf63-thin-11sc-664vn.html
23,23,23,Apple MacBook Pro 13 M2 2022 16GB 512GB I Chính hãng Apple Việt Nam,APPLE,46990000.0,16GB,https://cellphones.com.vn/macbook-pro-m2-2022-16gb-512gb.html
24,24,24,Laptop ASUS Gaming ROG Zephyrus G14 GA401QC-K2199W,NVIDIA,30400000.0,8GB,https://cellphones.com.vn/laptop-asus-gaming-rog-zephyrus-g14-ga401qc-k2199w.html
25,25,25,Laptop Asus VivoBook X515KA-EJ135W,INTEL,7990000.0,4GB,https://cellphones.com.vn/laptop-asus-vivobook-x515ka-ej135w.html
26,26,26,Laptop Dell Inspiron 3511 5829BLK,NVIDIA,14700000.0,8GB,https://cellphones.com.vn/laptop-dell-inspiron-3511-5829blk.html
27,27,27,Laptop Lenovo Ideapad Gaming 3 15IAH7 82S9006YVN,NVIDIA,22300000.0,8GB,https://cellphones.com.vn/laptop-lenovo-ideapad-gaming-3-15iah7-82s9006yvn.html
28,28,28,Mac mini M2 2023 (8 CPU - 10 GPU - 16GB - 256GB) | Chính hãng Apple Việt Nam,APPLE,22990000.0,16GB,https://cellphones.com.vn/mac-mini-m2-16gb-2023.html
29,29,29,Laptop Asus Zenbook 14X UM5401QA KN209W,AMD,21200000.0,8GB,https://cellphones.com.vn/laptop-asus-zenbook-14x-um5401qa-kn209w.html
30,30,30,Laptop Asus E210MA GJ537W,NVIDIA,6990000.0,4GB,https://cellphones.com.vn/laptop-asus-e210ma-gj537w.html
31,31,31,Laptop Gaming Acer Nitro 5 Eagle AN515-57-54MV NH.QENSV.003,NVIDIA,26490000.0,8GB,https://cellphones.com.vn/laptop-gaming-acer-nitro-5-eagle-an515-57-54mv.html
32,32,32,Apple Macbook Air M2 2022 8GB 512GB I Chính hãng Apple Việt Nam,APPLE,39990000.0,8GB,https://cellphones.com.vn/macbook-air-m2-2022-512gb.html
33,33,33,Laptop HP Gaming Victus 15-FA0031DX 6503849,NVIDIA,18500000.0,8GB,https://cellphones.com.vn/laptop-hp-gaming-victus-15-fa0031dx-6503849.html
34,34,34,Laptop ASUS TUF DASH Gaming F15 FX517ZC-HN079W,NVIDIA,23100000.0,8GB,https://cellphones.com.vn/laptop-asus-tuf-dash-gaming-f15-fx517zc-hn079w.html
35,35,35,Apple MacBook Pro 13 M2 2022 16GB 256GB I Chính hãng Apple Việt Nam,APPLE,41990000.0,16GB,https://cellphones.com.vn/macbook-pro-m2-2022-16gb-256gb.html
36,36,36,Surface Laptop Go Core i5 / 8GB / 128 GB / 12.4 inch Nhập Khẩu Chính Hãng,INTEL,17200000.0,8GB,https://cellphones.com.vn/surface-laptop-go.html
37,37,37,Laptop Lenovo Ideapad Gaming 3 15IHU6 82K101HGVN,NVIDIA,19600000.0,8GB,https://cellphones.com.vn/laptop-lenovo-ideapad-gaming-3-15ihu6-82k101hgvn.html
38,38,38,Apple Macbook Air M2 2022 16GB 512GB I Chính hãng Apple Việt Nam,APPLE,45990000.0,16GB,https://cellphones.com.vn/macbook-air-m2-2022-16gb-512gb.html
39,39,39,Laptop Lenovo Ideapad Gaming 3 15IAH7 82S90086VN,NVIDIA,23900000.0,16GB,https://cellphones.com.vn/laptop-lenovo-ideapad-gaming-3-15iah7-82s90086vn.html
40,40,40,Laptop Lenovo Gaming Legion 5 15IAH7H 82RB0048VN,NVIDIA,34800000.0,16GB,https://cellphones.com.vn/laptop-lenovo-gaming-legion-5-15iah7h-82rb0048vn.html
41,41,41,Laptop Asus Vivobook X415MA-BV451W,INTEL,7600000.0,4GB,https://cellphones.com.vn/laptop-asus-vivobook-x415ma-bv451w.html
42,42,42,Macbook Pro 14 inch 2021 | Chính hãng Apple Việt Nam,APPLE,52990000.0,16GB,https://cellphones.com.vn/macbook-pro-14-inch-2021.html
43,43,43,Laptop Asus VivoBook 15 OLED A1505VA-L1114W,INTEL,20990000.0,16GB,https://cellphones.com.vn/laptop-asus-vivobook-15-oled-a1505va-l1114w.html
44,44,44,Mac mini M2 2023 (8 CPU - 10 GPU - 8GB - 512GB) | Chính hãng Apple Việt Nam,APPLE,21990000.0,8GB,https://cellphones.com.vn/mac-mini-m2-512gb-2023.html
45,45,45,Laptop Surface Pro 9,NVIDIA,29990000.0,8GB,https://cellphones.com.vn/laptop-surface-pro-9.html
46,46,46,Apple MacBook Pro 13 M2 2022 8GB 512GB I Chính hãng Apple Việt Nam,APPLE,41990000.0,8GB,https://cellphones.com.vn/macbook-pro-m2-2022-512gb.html
47,47,47,Laptop ASUS Gaming ROG Strix G15 G513RM-HQ055W,NVIDIA,39700000.0,16GB,https://cellphones.com.vn/laptop-asus-gaming-rog-strix-g15-g513rm-hq055w.html
48,48,48,Laptop Acer Aspire 3 A315-58-53S6 NX.AM0SV.005,INTEL,15990000.0,8GB,https://cellphones.com.vn/laptop-acer-aspire-3-a315-58-53s6.html
49,49,49,Laptop Asus Zenbook 14 UX3402ZA-KM219W,INTEL,27200000.0,16GB,https://cellphones.com.vn/laptop-asus-zenbook-14-ux3402za-km219w.html
50,50,50,Laptop Lenovo ThinkBook 14 G3 ACL 21A200R0VN,AMD,13000000.0,8GB,https://cellphones.com.vn/laptop-lenovo-thinkbook-14-g3-acl-21a200r0vn.html
51,51,51,Laptop Lenovo Ideapad Gaming 3 15IAH7 82S900V3VN,NVIDIA,27290000.0,16GB,https://cellphones.com.vn/laptop-lenovo-ideapad-gaming-3-15iah7-82s900v3vn.html
52,52,52,Laptop Asus VivoBook Go 14 E1404FA-NK177W,AMD,14490000.0,16GB,https://cellphones.com.vn/laptop-asus-vivobook-go-14-e1404fa-nk177w.html
53,53,53,Mac mini M2 Pro 2023 (10 CPU - 16 GPU - 16GB - 512GB) | Chính hãng Apple Việt Nam,NVIDIA,34990000.0,16GB,https://cellphones.com.vn/mac-mini-m2-pro-2023.html
54,54,54,Laptop Dell Latidude 7320 9PPWV,NVIDIA,19990000.0,16GB,https://cellphones.com.vn/laptop-dell-latitude-7320-9ppwv.html
55,55,55,Laptop Asus VivoBook 14 OLED A1405VA-KM095W,INTEL,20990000.0,16GB,https://cellphones.com.vn/laptop-asus-vivobook-14-oled-a1405va-km095w.html
56,56,56,Laptop Asus Vivobook M513UA-EJ710W,AMD,16700000.0,16GB,https://cellphones.com.vn/laptop-asus-vivobook-m513ua-ej710w.html
57,57,57,Laptop ASUS TUF Gaming F15 FX506HC-HN144W,NVIDIA,22100000.0,8GB,https://cellphones.com.vn/laptop-asus-tuf-gaming-f15-fx506hc-hn144w.html
58,58,58,Laptop ASUS Zenbook Pro 14 Duo OLED UX8402ZE-M3044W,NVIDIA,56990000.0,16GB,https://cellphones.com.vn/laptop-asus-zenbook-pro-14-duo-oled-ux8402ze-m3044w.html
59,59,59,Laptop Gigabyte G5 GD-51VN123SO,NVIDIA,19990000.0,16GB,https://cellphones.com.vn/laptop-gigabyte-g5-gd-51vn123so.html
60,60,60,Laptop Asus VivoBook X515EA-EJ3633W,INTEL,11990000.0,8GB,https://cellphones.com.vn/laptop-asus-vivobook-x515ea-ej3633w.html
61,61,61,Laptop Lenovo Ideapad 5 Pro 14ITL6 82L300MAVN,INTEL,22300000.0,16GB,https://cellphones.com.vn/laptop-lenovo-ideapad-5-pro-14itl6-82l300mavn.html
62,62,62,Macbook Pro 16 M1 Max 10 CPU - 32 GPU 32GB 1TB 2021 | Chính hãng Apple Việt Nam,NVIDIA,92990000.0,32GB,https://cellphones.com.vn/macbook-pro-16-inch-2021-m1-max.html
63,63,63,Laptop MSI Crosshair 15 B12UEZ-460VN,NVIDIA,34990000.0,16GB,https://cellphones.com.vn/laptop-msi-gaming-crosshair-15-b12uez-460vn.html
64,64,64,Laptop Acer Aspire 3 A315-56-38B1 NX.HS5SV.00G,INTEL,8700000.0,4GB,https://cellphones.com.vn/laptop-acer-aspire-3-a315-56-38b1.html
65,65,65,Laptop Dell Inspiron 16 5620 N6I7110W1,INTEL,25290000.0,8GB,https://cellphones.com.vn/laptop-dell-inspiron-16-5620-n6i7110w1.html
66,66,66,Laptop ASUS Gaming ROG Strix G15 G513IH-HN015T,NVIDIA,23490000.0,8GB,https://cellphones.com.vn/laptop-asus-rog-strix-g15-g513ih-hn015t.html
67,67,67,Laptop MSI Modern 14 C11M-011VN,INTEL,11990000.0,8GB,https://cellphones.com.vn/laptop-msi-modern-14-c11m-011vn.html
68,68,68,Laptop Gaming MSI Bravo 15 B5DD 276VN,AMD,22490000.0,8GB,https://cellphones.com.vn/laptop-msi-gaming-bravo-15-b5dd-276vn.html
69,69,69,Laptop Asus VivoBook Pro 15 OLED M6500QC-MA005W,NVIDIA,27600000.0,16GB,https://cellphones.com.vn/laptop-asus-vivobook-pro-15-oled-m6500qc-ma005w.html
70,70,70,Laptop Gaming Acer Aspire 7 A715-42G-R05G NH.QAYSV.007,NVIDIA,21999000.0,8GB,https://cellphones.com.vn/laptop-acer-gaming-aspire-7-a715-42g-r05g.html
71,71,71,Laptop Gaming Acer Nitro 5 Eagle AN515-57-5669 NH.QEHSV.001,NVIDIA,23990000.0,8GB,https://cellphones.com.vn/laptop-gaming-acer-nitro-5-eagle-an515-57-5669.html
72,72,72,Laptop HP Pavilion 15-EG2037TX 6K783PA,NVIDIA,16300000.0,8GB,https://cellphones.com.vn/laptop-hp-pavilion-15-eg2037tx-6k783pa.html
73,73,73,Laptop HP Envy X360 13-BD0063DX,INTEL,19600000.0,8GB,https://cellphones.com.vn/laptop-hp-envy-x360-13-bd0063dx.html
74,74,74,Laptop HP Pavilion X360 14-EK0130TU 7C0P5PA,INTEL,16300000.0,8GB,https://cellphones.com.vn/laptop-hp-pavilion-x360-14-ek0130tu-7c0p5pa.html
75,75,75,Laptop Gaming Nitro 5 Eagle AN515-57-53F9,NVIDIA,22800000.0,8GB,https://cellphones.com.vn/laptop-gaming-acer-nitro-5-eagle-an515-57-53f9.html
76,76,76,Mac mini M2 2023 (8 CPU - 10 GPU - 16GB - 512GB) | Chính hãng Apple Việt Nam,APPLE,27990000.0,16GB,https://cellphones.com.vn/mac-mini-m2-16gb-512gb-2023.html
77,77,77,Laptop Asus VivoBook 15 OLED A1505VA-L1201W,INTEL,24990000.0,16GB,https://cellphones.com.vn/laptop-asus-vivobook-15-oled-a1505va-l1201w.html
78,78,78,Macbook Air 15 inch M2 2023 8GB 256GB | Chính hãng Apple Việt Nam,APPLE,32990000.0,24GB,https://cellphones.com.vn/macbook-air-15-inch-m2-2023.html
79,79,79,Surface Pro 7 Core i5 / 8GB / 128GB Nhập Khẩu Chính Hãng,INTEL,21700000.0,8GB,https://cellphones.com.vn/surface-laptop-pro-7-core-i5-ram-8gb-ssd-128gb-12-3inch.html
80,80,80,Laptop Lenovo Gaming Legion 5 15ARH7 82RE002VVN,NVIDIA,26600000.0,8GB,https://cellphones.com.vn/laptop-lenovo-gaming-legion-5-15arh7-82re002vvn.html
81,81,81,Laptop ASUS TUF Gaming F15 FX507ZC-HN124W,NVIDIA,28300000.0,8GB,https://cellphones.com.vn/laptop-asus-tuf-gaming-f15-fx507zc-hn124w.html
82,82,82,Laptop Lenovo Ideapad 5 Pro 16ARH7,NVIDIA,21990000.0,16GB,https://cellphones.com.vn/laptop-lenovo-ideapad-5-pro-16arh7-82sn003mvn.html
83,83,83,Laptop Dell Inspiron 15 3520 N3520-i5U085W11BLU,INTEL,18690000.0,8GB,https://cellphones.com.vn/laptop-dell-inspiron-15-3520-n3520-i5u085w11blu.html
84,84,84,MacBook Pro 16 inch M2 Pro 2023 (12 CPU - 19 GPU - 16GB - 512GB),APPLE,65990000.0,16GB,https://cellphones.com.vn/macbook-pro-16-inch-m2-pro-2023.html
85,85,85,Surface Pro 8 Core i5 / 8GB / 128GB Nhập khẩu chính hãng,INTEL,26600000.0,8GB,https://cellphones.com.vn/surface-pro-8.html
86,86,86,Laptop MSI Gaming GF63 Thin 11UD 473VN,NVIDIA,19400000.0,8GB,https://cellphones.com.vn/laptop-msi-gaming-gf63-thin-11ud-473vn.html
87,87,87,Laptop ASUS Rog Strix G15 G513IC-HN729W,NVIDIA,22300000.0,8GB,https://cellphones.com.vn/laptop-asus-rog-strix-g15-g513ic-hn729w.html
88,88,88,Laptop Xiaomi RedmiBook 15 JYU4506AP,INTEL,14400000.0,8GB,https://cellphones.com.vn/laptop-xiaomi-redmibook-15-jyu4506ap.html
89,89,89,Laptop LG Gram 2022 16ZD90Q-G.AX55A5,INTEL,39990000.0,16GB,https://cellphones.com.vn/laptop-lg-gram-2022-16zd90q-g-ax55a5.html
90,90,90,Laptop Asus VivoBook Go 14 E1404FA-NK113W,AMD,11490000.0,8GB,https://cellphones.com.vn/laptop-asus-vivobook-go-14-e1404fa-nk113w.html
91,91,91,Laptop Asus Vivobook Slate OLED T3304GA-LQ021WS,INTEL,19990000.0,8GB,https://cellphones.com.vn/laptop-asus-vivobook-slate-t3304ga-lq021ws.html
92,92,92,Laptop Dell Vostro 3510 P112F002BBL,NVIDIA,20100000.0,8GB,https://cellphones.com.vn/laptop-dell-vostro-3510-p112f002bbl.html
93,93,93,Apple Macbook Air M2 2022 24GB 256GB I Chính hãng Apple Việt Nam,APPLE,45990000.0,24GB,https://cellphones.com.vn/macbook-air-m2-2022-24gb.html
94,94,94,MacBook Pro 14 inch M2 Pro 2023 (12 CPU - 19 GPU 16GB 1TB 2023),APPLE,65990000.0,16GB,https://cellphones.com.vn/macbook-pro-14-inch-m2-pro-1tb-2023.html
95,95,95,Laptop Asus VivoBook 14X OLED S3405VA-KM071W,INTEL,26990000.0,16GB,https://cellphones.com.vn/laptop-asus-vivobook-14x-oled-s3405va-km071w.html
96,96,96,Laptop Asus Vivobook 15X OLED A1503ZA-L1150W,INTEL,15100000.0,8GB,https://cellphones.com.vn/laptop-asus-vivobook-15x-oled-a1503za-l1150w.html
97,97,97,Laptop Lenovo Ideapad 3 15IAU7 82RK001GVN,INTEL,13600000.0,8GB,https://cellphones.com.vn/laptop-lenovo-ideapad-3-15iau7-82rk001gvn.html
98,98,98,Laptop Lenovo IdeaPad 3 14ABA7 82RM003WVN,AMD,14890000.0,8GB,https://cellphones.com.vn/laptop-lenovo-ideapad-3-14aba7-2rm003wvn.html
99,99,99,Laptop ASUS Vivobook 15X A1503ZA-L1421W,INTEL,18400000.0,8GB,https://cellphones.com.vn/laptop-asus-vivobook-15x-a1503za-l1421w.html
100,100,100,Laptop ASUS Vivobook 15X OLED M1503QA-L1044W,AMD,18300000.0,8GB,https://cellphones.com.vn/laptop-asus-vivobook-15x-oled-m1503qa-l1044w.html
101,101,101,Laptop ASUS ZenBook UM5302TA-LX087W,AMD,26100000.0,8GB,https://cellphones.com.vn/laptop-asus-zenbook-um5302ta-lx087w.html
102,102,102,Laptop MSI Gaming Bravo 15 B5DD-417VN,AMD,16800000.0,8GB,https://cellphones.com.vn/laptop-msi-gaming-bravo-15-b5dd-417vn.html
103,103,103,Laptop LG Gram 2022 16ZD90Q-G.AX72A5,INTEL,40990000.0,16GB,https://cellphones.com.vn/laptop-lg-gram-2022-16zd90q-g-ax72a5.html
104,104,104,Laptop Lenovo ideapad 5 Pro 16ACH 82l500levn,NVIDIA,29990000.0,16GB,https://cellphones.com.vn/laptop-lenovo-ideapad-5-pro-16ach6-82l500levn.html
105,105,105,Laptop HP Envy X360 13-BF0094TU 76B14PA,INTEL,25000000.0,16GB,https://cellphones.com.vn/laptop-hp-envy-x360-13-bf0094tu-76b14pa.html
106,106,106,Laptop Lenovo Yoga Slim 7 14ACN6 82N7002MVN,AMD,22800000.0,8GB,https://cellphones.com.vn/laptop-lenovo-yoga-slim-7-14acn6-82n7002mvn.html
107,107,107,Laptop Asus Expertbook B5302CEA-L50916W,INTEL,21490000.0,8GB,https://cellphones.com.vn/laptop-asus-expertbook-b5302cea-l50916w.html
108,108,108,Laptop Lenovo ThinkPad E14 21EB0063VN,AMD,21700000.0,8GB,https://cellphones.com.vn/laptop-lenovo-thinkpad-e14-21eb0063vn.html
109,109,109,Laptop Gaming Acer Nitro 5 Tiger AN515 58 52SP,NVIDIA,28300000.0,8GB,https://cellphones.com.vn/laptop-gaming-acer-nitro-5-tiger-an515-58-52sp.html
110,110,110,Laptop Lenovo IdeaPad 3 15ITL6 82H80388VN,INTEL,13690000.0,8GB,https://cellphones.com.vn/laptop-lenovo-ideapad-3-15itl6-82h80388vn.html
111,111,111,Surface Pro 7 Plus Core i5 / 8GB / 128GB Nhập Khẩu Chính Hãng,INTEL,21700000.0,8GB,https://cellphones.com.vn/surface-pro-7-plus.html
112,112,112,Laptop ASUS ROG Flow X13 GV301RC-LJ050W,NVIDIA,41990000.0,8GB,https://cellphones.com.vn/laptop-asus-rog-flow-x13-gv301rc-lj050w.html
113,113,113,Laptop LG Gram 2022 14ZD90Q-G.AX32A5,INTEL,23290000.0,8GB,https://cellphones.com.vn/laptop-lg-gram-2022-14zd90q-g-ax32a5.html
114,114,114,Laptop Asus Zenbook 14 UX3402ZA-KM221W,INTEL,29300000.0,16GB,https://cellphones.com.vn/laptop-asus-zenbook-14-ux3402za-km221w.html
115,115,115,Laptop Lenovo Ideapad 5 Pro 14ARH7 82SJ0028VN,AMD,25990000.0,16GB,https://cellphones.com.vn/laptop-lenovo-ideapad-5-pro-14arh7-82sj0028vn.html
116,116,116,Laptop Dell Vostro 3520,INTEL,14990000.0,8GB,https://cellphones.com.vn/laptop-dell-vostro-3520.html
117,117,117,Laptop Asus Vivobook 14 X1402ZA-EB100W,INTEL,12700000.0,8GB,https://cellphones.com.vn/laptop-asus-vivobook-14-x1402za-eb100w.html
118,118,118,Laptop ASUS ZenBook UP5401ZA-KN005W,INTEL,21990000.0,8GB,https://cellphones.com.vn/laptop-asus-zenbook-up5401za-kn005w.html
119,119,119,Laptop Dell Vostro 5620 70282719,INTEL,25490000.0,16GB,https://cellphones.com.vn/laptop-dell-vostro-5620-70282719.html
120,120,120,Laptop ASUS VivoBook 14X A1403ZA-KM161W,INTEL,19300000.0,8GB,https://cellphones.com.vn/laptop-asus-vivobook-14x-a1403za-km161w.html
121,121,121,Laptop MSI Gaming GF63 Thin 11UC-1228VN,NVIDIA,20990000.0,8GB,https://cellphones.com.vn/laptop-msi-gaming-gf63-thin-11uc-1228vn.html
122,122,122,Laptop Asus Rog Flow Z13 GZ301ZC-LD110W,NVIDIA,45600000.0,16GB,https://cellphones.com.vn/laptop-asus-rog-strix-gz301zc-ld110w.html
123,123,123,Macbook Pro 16 inch 2021 | Chính hãng Apple Việt Nam,NVIDIA,65990000.0,16GB,https://cellphones.com.vn/macbook-pro-16-inch-2021.html
124,124,124,Laptop HP Pavilion 14-DV2076TU 7C0P4PA,INTEL,17100000.0,8GB,https://cellphones.com.vn/laptop-hp-pavilion-14-dv2076tu-7c0p4pa.html
125,125,125,Laptop HP 245 G9 6L1N8PA,AMD,13000000.0,8GB,https://cellphones.com.vn/laptop-hp-245-g9-6l1n8pa.html
126,126,126,Laptop Asus Gaming ROG Zephyrus G16 GU603VU-N3898W,NVIDIA,44990000.0,16GB,https://cellphones.com.vn/laptop-asus-gaming-rog-zephyrus-g16-gu603vu-n3898w.html
127,127,127,Laptop Lenovo Thinkbook 14S G2 ITL 20VA003NVN,INTEL,18500000.0,8GB,https://cellphones.com.vn/laptop-lenovo-thinkbook-14s-g2-itl-20va003nvn.html
128,128,128,Laptop Huawei Matebook 14,AMD,19600000.0,16GB,https://cellphones.com.vn/laptop-huawei-matebook-14-r5.html
129,129,129,Laptop Lenovo Gaming Legion 5 15ACH6H 82JU00DGVN,NVIDIA,40200000.0,8GB,https://cellphones.com.vn/laptop-lenovo-gaming-legion-5-15ach6h-82ju00dgvn.html
130,130,130,MacBook Pro 14 inch M2 Pro 2023 (10 CPU - 16 GPU - 32GB - 512GB),NVIDIA,63990000.0,32GB,https://cellphones.com.vn/macbook-pro-14-inch-m2-pro-32gb-2023.html
131,131,131,Laptop Acer Swift 3 SF314-43-R4X3 NX.AB1SV.004,AMD,20990000.0,16GB,https://cellphones.com.vn/laptop-acer-swift-3-sf314-43-r4x3.html
132,132,132,Laptop Asus Expertbook B5 B5402CEA-KI0197W,INTEL,17400000.0,8GB,https://cellphones.com.vn/laptop-asus-expertbook-b5-b5402cea-ki0197w.html
133,133,133,Surface Laptop Go Core i5 / 8GB / 256 GB / 12.4 inch Nhập Khẩu Chính Hãng,INTEL,20400000.0,8GB,https://cellphones.com.vn/surface-laptop-go-256gb.html
134,134,134,Laptop Lenovo Ideapad Gaming 3 15ACH6 82K2010GVN,NVIDIA,19490000.0,8GB,https://cellphones.com.vn/laptop-lenovo-ideapad-gaming-3-15ach6-82k2010gvn.html
135,135,135,Laptop MSI Cyborg 15 A12VE-240VN,NVIDIA,27490000.0,8GB,https://cellphones.com.vn/laptop-msi-cyborg-15-a12ve-240vn.html
136,136,136,Laptop Asus Rog Strix G15 G513IE-HN246W,NVIDIA,24300000.0,8GB,https://cellphones.com.vn/laptop-asus-rog-strix-g15-g513ie-hn246w.html
137,137,137,Laptop ASUS TUF Gaming A15 FA506ICB-HN355W,NVIDIA,20200000.0,8GB,https://cellphones.com.vn/laptop-asus-tuf-gaming-a15-fa506icb-hn355w.html
138,138,138,Laptop Asus ZenBook 14 OLED UX3402VA-KM203W,INTEL,25990000.0,16GB,https://cellphones.com.vn/laptop-asus-zenbook-14-oled-ux3402va-km203w.html
139,139,139,Laptop Gigabyte G5 GE-51VN213SH,NVIDIA,22800000.0,16GB,https://cellphones.com.vn/laptop-gigabyte-g5-ge-51vn213sh.html
140,140,140,Laptop MSI Gaming GF63 12VE-460VN,NVIDIA,22490000.0,8GB,https://cellphones.com.vn/laptop-msi-gaming-gf63-12ve-460vn.html
141,141,141,Laptop Acer Gaming Aspire 7 A715-43G-R8GA NH.QHDSV.002,AMD,21990000.0,8GB,https://cellphones.com.vn/laptop-acer-gaming-aspire-7-a715-43g-r8ga.html
142,142,142,Laptop Asus TUF GAMING F15 FX506HF-HN014W,NVIDIA,21990000.0,8GB,https://cellphones.com.vn/laptop-asus-tuf-gaming-f15-fx506hf-hn014w.html
143,143,143,Laptop Asus Vivobook 14X M1403QA-LY024W,AMD,16300000.0,8GB,https://cellphones.com.vn/laptop-asus-vivobook-14x-m1403qa-ly024w.html
144,144,144,Laptop HP Gaming Victus 16-E1106AX 7C0T1PA,NVIDIA,23400000.0,8GB,https://cellphones.com.vn/laptop-hp-gaming-victus-16-e1106ax-7c0t1pa.html
145,145,145,Laptop Asus Zenbook 14 UX3402ZA KM218W,INTEL,23900000.0,8GB,https://cellphones.com.vn/laptop-asus-zenbook-14-ux3402za-km218w.html
146,146,146,Laptop Lenovo Ideapad Yoga 6 13ALC6 82ND00BDVN,AMD,16800000.0,8GB,https://cellphones.com.vn/laptop-lenovo-ideapad-yoga-6-13alc6-82nd00bdvn.html
147,147,147,Laptop LG Gram 2022 14ZD90Q-G.AX51A5,INTEL,28290000.0,8GB,https://cellphones.com.vn/laptop-lg-gram-2022-14zd90q-g-ax51a5.html
148,148,148,Laptop HP Pavilion X360 14-EK00013,INTEL,14700000.0,8GB,https://cellphones.com.vn/laptop-hp-pavilion-x360-14-ek00013.html
149,149,149,Mac mini M2 2023 (8 CPU - 10 GPU - 24GB - 512GB) | Chính hãng Apple Việt Nam,APPLE,32990000.0,24GB,https://cellphones.com.vn/mac-mini-m2-24gb-512gb-2023.html
150,150,150,Apple MacBook Air 13 inch 128GB MQD32 I Chính hãng Apple Việt Nam,INTEL,21000000.0,8GB,https://cellphones.com.vn/apple-macbook-air-13-inch-128-gb-mqd32-chinh-hang.html
151,151,151,Laptop Lenovo Yoga Slim 7 Pro 14IHU5 O 82NH00BDVN,INTEL,22300000.0,16GB,https://cellphones.com.vn/laptop-lenovo-yoga-slim-7-pro-14ihu5-o-82nh00bdvn.html
152,152,152,Laptop MSI Gaming Katana GF66 12UCK-804VN,NVIDIA,27200000.0,8GB,https://cellphones.com.vn/laptop-msi-gaming-katana-gf66-12uck-804vn.html
153,153,153,Laptop MSI Modern 15 A11M-1024VN,INTEL,14100000.0,8GB,https://cellphones.com.vn/laptop-msi-modern-15-a11m-1024vn.html
154,154,154,Mac mini M2 2023 (8 CPU - 10 GPU - 24GB - 256GB) | Chính hãng Apple Việt Nam,APPLE,27990000.0,24GB,https://cellphones.com.vn/mac-mini-m2-24gb-2023.html
155,155,155,Laptop Lenovo Yoga Slim Carbon 7 14ANC6 82L0005BVN,NVIDIA,31000000.0,16GB,https://cellphones.com.vn/laptop-lenovo-yoga-slim-7-carbon-14acn6-82l0005bvn.html
156,156,156,Laptop ASUS Vivobook Pro M6500QC-MA002W,NVIDIA,25500000.0,16GB,https://cellphones.com.vn/laptop-asus-vivobook-pro-m6500qc-ma002w.html
157,157,157,Laptop Asus TUF Gaming F17 FX706HC-HX579W,NVIDIA,23000000.0,8GB,https://cellphones.com.vn/laptop-asus-tuf-gaming-f17-fx706hc-hx579w.html
158,158,158,Laptop MSI Modern 15 A11MU-1023VN,INTEL,14700000.0,8GB,https://cellphones.com.vn/laptop-msi-modern-15-a11mu-1023vn.html
159,159,159,Laptop MSI Gaming Alpha 15 B5EEK-205VN,AMD,20990000.0,16GB,https://cellphones.com.vn/lalptop-msi-gaming-alpha-15-b5eek-205vn.html
160,160,160,Laptop MSI Modern 14 B11MOU-1065VN,INTEL,16100000.0,8GB,https://cellphones.com.vn/laptop-msi-modern-14-b11mou-1065vn.html
161,161,161,Laptop Dell Vostro 5620 V6I5001W1,INTEL,22190000.0,8GB,https://cellphones.com.vn/laptop-dell-vostro-5620-v6i5001w1.html
162,162,162,Laptop HP Pavilion 15-EG2058TU 6K788PA,INTEL,16800000.0,8GB,https://cellphones.com.vn/laptop-hp-pavilion-15-eg2058tu-6k788pa.html
163,163,163,Laptop LG Gram 2022 17ZD90Q-G.AX51A5,INTEL,39990000.0,16GB,https://cellphones.com.vn/laptop-lg-gram-2022-17zd90q-g-ax51a5.html
164,164,164,Laptop ASUS TUF Gaming F17 FX706HC-HX105W,NVIDIA,23600000.0,8GB,https://cellphones.com.vn/laptop-asus-tuf-gaming-f17-fx706hc-hx105w.html
165,165,165,Surface Pro 7 Core i7 / 16GB / 256GB Nhập khẩu Chính Hãng,INTEL,45990000.0,16GB,https://cellphones.com.vn/surface-laptop-pro-7-core-i7-ram-16gb-ssd-256gb-12-3inch.html
166,166,166,Laptop Gaming Acer Nitro 5 Tiger AN515 58 773Y,NVIDIA,31999000.0,8GB,https://cellphones.com.vn/laptop-gaming-acer-nitro-5-tiger-an515-58-773y.html
167,167,167,Laptop Asus Vivobook Pro 16X Oled M7600RE-L2044W,NVIDIA,37500000.0,16GB,https://cellphones.com.vn/laptop-asus-vivobook-pro-16x-oled-m7600re-l2044w.html
168,168,168,Laptop Asus Rog Strix Scar 15 G533ZS-LN036W,NVIDIA,77200000.0,32GB,https://cellphones.com.vn/laptop-asus-rog-strix-scar-15-g533zs-ln036w.html
169,169,169,Surface Laptop 4,AMD,20600000.0,8GB,https://cellphones.com.vn/surface-laptop-4-r5-4680u-8gb-128gb-13-5-inch.html
170,170,170,Surface Laptop 4,AMD,20600000.0,8GB,https://cellphones.com.vn/surface-laptop-4-r5-4680u-8gb-128gb-13-5-inch.html
171,171,171,Laptop Dell Inspiron 15 3520 71003262,INTEL,21700000.0,8GB,https://cellphones.com.vn/laptop-dell-inspiron-15-3520-71003262.html
172,172,172,Surface Pro 8 Core i5 / 8GB / 256GB Nhập Khẩu Chính Hãng,INTEL,29900000.0,8GB,https://cellphones.com.vn/surface-laptop-pro-8-core-i5-ram-8gb-ssd-256gb.html
173,173,173,Laptop Lenovo Ideapad Gaming Legion 5 15IAH7H 82RC008LVN,NVIDIA,28800000.0,8GB,https://cellphones.com.vn/laptop-lenovo-gaming-legion-5-15iah7h-82rc008lvn.html
174,174,174,Laptop Asus ExpertBook B1 B1400CBA-EB0641W,INTEL,16990000.0,8GB,https://cellphones.com.vn/laptop-asus-expertbook-b1-b1400cba-eb0641w.html
175,175,175,Laptop Asus Gaming Rog Strix Scar 15 G533ZM-LN013W,NVIDIA,48900000.0,16GB,https://cellphones.com.vn/laptop-asus-gaming-rog-strix-scar-15-g533zm-ln013w.html
176,176,176,Laptop HP Pavilion 15-EG2034TX 6K780PA,NVIDIA,23400000.0,8GB,https://cellphones.com.vn/laptop-hp-pavilion-15-eg2034tx-6k780pa.html
177,177,177,Laptop MSI Modern 15 B7M-099VN,AMD,14490000.0,8GB,https://cellphones.com.vn/laptop-msi-modern-15-b7m-099vn.html
178,178,178,Laptop MSI Modern 14 B11SBU-668VN,NVIDIA,15200000.0,8GB,https://cellphones.com.vn/laptop-msi-modern-14-14-b11sbu-668vn.html
179,179,179,Laptop Asus ROG Strix G16 G614JU-N3135W,NVIDIA,39990000.0,8GB,https://cellphones.com.vn/laptop-asus-rog-strix-g16-g614ju-n3135w.html
180,180,180,Laptop ASUS VivoBook 15X A1503ZA-L1422W,INTEL,18400000.0,8GB,https://cellphones.com.vn/laptop-asus-vivobook-15x-a1503za-l1422w.html
181,181,181,Laptop Gigabyte G5 KF-E3VN313SH,NVIDIA,26490000.0,16GB,https://cellphones.com.vn/laptop-gigabyte-g5-kf-e3vn313sh.html
182,182,182,Laptop Asus TUF Gaming A16 Advantage Edition FA617NS-N3486W,AMD,32990000.0,8GB,https://cellphones.com.vn/laptop-asus-tuf-gaming-a16-advantage-edition-fa617ns-n3486w.html
183,183,183,Laptop HP 15-DW3033DX 405F6UA,INTEL,11400000.0,8GB,https://cellphones.com.vn/laptop-hp-15-dw3033dx-405f6ua.html
184,184,184,Laptop Asus Vivobook Slate OLED T3304GA-LQ021WS,INTEL,19990000.0,8GB,https://cellphones.com.vn/laptop-asus-vivobook-13-slate-oled-t3300.html
185,185,185,Laptop Dell Latitude 3520 70251592,INTEL,19890000.0,4GB,https://cellphones.com.vn/laptop-dell-latitude-3520-70251592.html
186,186,186,Laptop Asus VivoBook S 14 Flip TN3402YA-LZ026W,AMD,18990000.0,16GB,https://cellphones.com.vn/laptop-asus-vivobook-s-14-flip-tn3402ya-lz026w.html
187,187,187,Laptop Asus TUF Gaming F15 FX507ZU4-LP520W,NVIDIA,34990000.0,8GB,https://cellphones.com.vn/laptop-asus-tuf-gaming-f15-fx507zu4-lp520w.html
188,188,188,Laptop ASUS TUF Dash F15 FX517ZE-HN045W,NVIDIA,25500000.0,8GB,https://cellphones.com.vn/laptop-asus-tuf-dash-f15-fx517ze-hn045w.html
189,189,189,Laptop Asus VivoBook S 14 Flip TP3402VA-LZ031W,INTEL,21990000.0,16GB,https://cellphones.com.vn/laptop-asus-vivobook-s-14-flip-tp3402va-lz031w.html
190,190,190,Laptop Gigabyte G5 KF-E3VN333SH,NVIDIA,25990000.0,8GB,https://cellphones.com.vn/laptop-gigabyte-g5-kf-e3vn333sh.html
191,191,191,Laptop Lenovo Ideapad 3 15ITL6,INTEL,14990000.0,8GB,https://cellphones.com.vn/laptop-lenovo-ideapad-3-15itl6-82h800m4vn.html
192,192,192,Laptop Asus VivoBook 14X OLED S3405VA-KM072W,INTEL,22990000.0,16GB,https://cellphones.com.vn/laptop-asus-vivobook-14x-oled-s3405va-km072w.html
193,193,193,Laptop Asus Vivobook OLED 15X A1503ZA-L1151W,INTEL,16000000.0,8GB,https://cellphones.com.vn/laptop-asus-vivobook-oled-15x-a1503za-l1151w.html
194,194,194,Laptop Dell Inspirion 15 3511 PDP3H,INTEL,14990000.0,12GB,https://cellphones.com.vn/laptop-dell-inspiron-15-3511-pdp3h.html
195,195,195,MacBook Pro 16 inch M2 Pro 2023 (12 CPU - 19 GPU - 16GB - 1TB),APPLE,70990000.0,16GB,https://cellphones.com.vn/macbook-pro-16-inch-m2-pro-1tb-2023.html
196,196,196,Laptop MSI Cyborg 15 A12UCX-281VN,NVIDIA,19990000.0,8GB,https://cellphones.com.vn/laptop-msi-cyborg-15-a12ucx-281vn.html
197,197,197,Laptop Asus ZenBook S 13 OLED UX5304VA-NQ125W,INTEL,39990000.0,16GB,https://cellphones.com.vn/laptop-asus-zenbook-s-13-oled-ux5304va-nq125w.html
198,198,198,Laptop ASUS VivoBook Pro M3401QA-KM025W,AMD,18600000.0,8GB,https://cellphones.com.vn/laptop-asus-vivobook-pro-m3401qa-km025w.html
199,199,199,Laptop MSI Modern 15 A11MU-1022VN,INTEL,13990000.0,8GB,https://cellphones.com.vn/laptop-msi-modern-15-a11mu-1022vn.html
200,200,200,Laptop HP Gaming Victus 16-E1107AX 7C140PA,NVIDIA,22300000.0,8GB,https://cellphones.com.vn/laptop-hp-gaming-victus-16-e1107ax-7c140pa.html
201,201,201,Laptop Lenovo Ideapad 3 14IAU7 82RJ001BVN,INTEL,16300000.0,8GB,https://cellphones.com.vn/laptop-lenovo-ideapad-3-14iau7-82rj001bvn.html
202,202,202,Laptop Gigabyte G5 GE-51VN263SH,NVIDIA,21700000.0,8GB,https://cellphones.com.vn/laptop-gigabyte-g5-ge-51vn263sh.html
203,203,203,Laptop Fujitsu CH9C13A1 4ZR1G97615,INTEL,23990000.0,8GB,https://cellphones.com.vn/laptop-fujitsu-ch-9c13a1-4zr1g97615.html
204,204,204,Laptop ASUS Vivobook Flip S 14 Flip TP3402ZA-LZ159W,INTEL,20000000.0,8GB,https://cellphones.com.vn/laptop-asus-vivobook-flip-s-14-flip-tp3402za-lz159w.html
205,205,205,Laptop MSI Modern 14 C13M-607VN,INTEL,21490000.0,16GB,https://cellphones.com.vn/laptop-msi-modern-14-c13m-607vn.html
206,206,206,Laptop Lenovo Thinkpad P14S G2 T 20VX008GVN,NVIDIA,36400000.0,8GB,https://cellphones.com.vn/laptop-lenovo-thinkpad-p14s-g2-t-20vx008gvn.html
207,207,207,Laptop Dell Latitude 3520 70251603,INTEL,15890000.0,4GB,https://cellphones.com.vn/laptop-dell-latitude-3520-70251603.html
208,208,208,Laptop HP 15-DY2024NR 4X6F6UA,INTEL,14100000.0,8GB,https://cellphones.com.vn/laptop-hp-15-dy2024nr-4x6f6ua.html
209,209,209,Laptop MSI Modern 14 B11MOU-848VN,NVIDIA,21990000.0,8GB,https://cellphones.com.vn/laptop-msi-modern-14-b11mou-848vn.html
210,210,210,Laptop Gigabyte G5 MF-E2VN333SH,NVIDIA,23990000.0,8GB,https://cellphones.com.vn/laptop-gigabyte-g5-mf-e2vn333sh.html
211,211,211,Laptop Asus Vivobook Pro M3401QA KM006W,AMD,17800000.0,8GB,https://cellphones.com.vn/laptop-asus-vivobook-pro-m3401qa-km006w.html
212,212,212,Laptop Asus Zenbook 14 Flip OLED UP5401ZA-KU140W,INTEL,36990000.0,16GB,https://cellphones.com.vn/laptop-asus-zenbook-14-flip-oled-up5401za-ku140w.html
213,213,213,Laptop ASUS TUF Gaming FX516PE-HN005T,NVIDIA,29990000.0,8GB,https://cellphones.com.vn/laptop-asus-tuf-gaming-fx516pe-hn005t.html
214,214,214,Laptop HP Envy x360 Convertible 13 AY1056 601Q8PA,AMD,28300000.0,8GB,https://cellphones.com.vn/laptop-hp-envy-x360-convertible-13-ay1056au-601q8pa.html
215,215,215,Laptop Asus ZenBook 14 OLED UX3402VA-KM085W,INTEL,27990000.0,16GB,https://cellphones.com.vn/laptop-asus-zenbook-14-oled-ux3402va-km085w.html
216,216,216,Laptop ASUS TUF Dash F15 FX517ZM-HN480W,NVIDIA,29900000.0,8GB,https://cellphones.com.vn/laptop-asus-tuf-dash-f15-fx517zm-hn480w.html
217,217,217,Laptop Asus Zenbook 14 OLED UX3402VA-KM068W,INTEL,31990000.0,16GB,https://cellphones.com.vn/laptop-asus-zenbook-14-oled-ux3402va-km068w.html
218,218,218,MacBook Pro 16 inch M2 Max 2023 (12 CPU - 38 GPU - 32GB - 1TB),NVIDIA,92990000.0,32GB,https://cellphones.com.vn/macbook-pro-16-inch-m2-max-2023.html
219,219,219,Laptop Surface Pro 9 i7 16GB 256GB,INTEL,41990000.0,16GB,https://cellphones.com.vn/laptop-surface-pro-9-i7-16gb-256gb.html
220,220,220,Laptop Asus Vivobook M7400QC KM013W,NVIDIA,26900000.0,16GB,https://cellphones.com.vn/laptop-asus-vivobook-pro-m7400qc-km013w.html
221,221,221,Laptop Asus Vivobook 14X A1403ZA-KM067W,INTEL,17900000.0,8GB,https://cellphones.com.vn/laptop-asus-vivobook-14x-a1403za-km067w.html
222,222,222,Laptop ASUS Zenbook Pro 14 Duo OLED UX8402ZE-M3074W,NVIDIA,65990000.0,32GB,https://cellphones.com.vn/laptop-asus-zenbook-pro-14-duo-oled-ux8402ze-m3074w.html
223,223,223,Laptop Dell Inspiron 3511 26F1K,INTEL,15990000.0,8GB,https://cellphones.com.vn/laptop-dell-inspiron-3501-26f1k.html
224,224,224,Laptop HP Pavilion X360 14-DW1025NR,INTEL,17900000.0,8GB,https://cellphones.com.vn/laptop-hp-pavilion-x360-14-dw1025nr.html
225,225,225,Laptop Asus Vivobook Flip 14 TP470EA EC346W,INTEL,16590000.0,4GB,https://cellphones.com.vn/laptop-asus-vivobook-flip-14-tp470ea-ec346w.html
226,226,226,Laptop Asus TUF Gaming A15 FA507NU-LP034W,NVIDIA,31490000.0,8GB,https://cellphones.com.vn/laptop-asus-tuf-gaming-a15-fa507nu-lp034w.html
227,227,227,Laptop Asus ExpertBook B1 B1500CBA-BQ0249W,INTEL,16990000.0,8GB,https://cellphones.com.vn/laptop-asus-expertbook-b1-b1500cba-bq0249w.html
228,228,228,Laptop Lenovo Ideapad Gaming 3 15ACH6 82K2008WVN,NVIDIA,22490000.0,8GB,https://cellphones.com.vn/laptop-lenovo-ideapad-gaming-3-15ach6-82k2008wvn.html
229,229,229,Laptop Dell Vostro 3405 V4R53500U003W,AMD,18000000.0,8GB,https://cellphones.com.vn/laptop-dell-vostro-3405-ryzen-5.html
230,230,230,Laptop Huawei Matebook D14,INTEL,18990000.0,8GB,https://cellphones.com.vn/laptop-huawei-matebook-d14-i5-1135g7.html
231,231,231,Surface Laptop Go 12.4 Nhập Khẩu Chính Hãng,INTEL,16000000.0,4GB,https://cellphones.com.vn/surface-laptop-go-21k-00019.html
232,232,232,Laptop Asus Zenbook 14 Flip OLED UP3404VA-KN039W,INTEL,33990000.0,16GB,https://cellphones.com.vn/laptop-asus-zenbook-14-flip-oled-up3404va-kn039w.html
233,233,233,Laptop MSI Modern 15 B7M-231VN,AMD,14990000.0,16GB,https://cellphones.com.vn/laptop-msi-modern-15-b7m-231vn.html
234,234,234,Laptop Acer Aspire 3 A315-57G-31YD NX.HZRSV.008,NVIDIA,13000000.0,4GB,https://cellphones.com.vn/laptop-acer-aspire-3-a315-57g-31yd.html
235,235,235,Laptop ASUS ZenBook UM3402YA-KM074W,AMD,23900000.0,8GB,https://cellphones.com.vn/laptop-asus-zenbook-um3402ya-km074w.html
236,236,236,Laptop MSI Gaming Alpha 15 B5EEK-205VN,NVIDIA,20990000.0,16GB,https://cellphones.com.vn/laptop-msi-gaming-alpha-15-b5eek-205vn.html
237,237,237,Mac Studio 2022 M1 Max 10 CPU | Chính hãng Apple Việt Nam,APPLE,55990000.0,32GB,https://cellphones.com.vn/mac-studio-2022.html
238,238,238,Laptop Asus Zenbook 14 UX3402ZA-KM220W,INTEL,23900000.0,8GB,https://cellphones.com.vn/laptop-asus-zenbook-14-ux3402za-km220w.html
239,239,239,Laptop HP 15S-FQ5080TU 6K7A0PA,INTEL,16800000.0,8GB,https://cellphones.com.vn/laptop-hp-15s-fq5080tu-6k7a0pa.html
240,240,240,Laptop Asus ROG Strix G16 G614JU-N3777W,NVIDIA,43990000.0,16GB,https://cellphones.com.vn/laptop-asus-rog-strix-g16-g614ju-n3777w.html
241,241,241,Surface Pro 9 i5 8GB 128GB,NVIDIA,24990000.0,8GB,https://cellphones.com.vn/surface-pro-9-i5-8gb-128gb.html
242,242,242,Surface Pro 8 Core i7 / 16GB / 256GB Nhập Khẩu Chính Hãng,INTEL,43500000.0,16GB,https://cellphones.com.vn/surface-laptop-pro-8-core-i7-ram-8gb-ssd-256gb.html
243,243,243,Laptop Asus TUF Gaming F15 FX507VV4-LP382W,NVIDIA,42990000.0,16GB,https://cellphones.com.vn/laptop-asus-tuf-gaming-f15-fx507vv4-lp382w.html
244,244,244,Laptop Dell Inspiron 15 3505 Y1N1T5,AMD,17400000.0,8GB,https://cellphones.com.vn/laptop-dell-inspiron-15-3505-y1n1t5.html
245,245,245,Laptop Asus VivoBook 14 X1404VA-NK124W,INTEL,13290000.0,8GB,https://cellphones.com.vn/laptop-asus-vivobook-14-x1404va-nk124w.html
246,246,246,Laptop Dell Inspiron 15 3520 71001747,INTEL,22490000.0,8GB,https://cellphones.com.vn/laptop-dell-inspiron-15-3520-71001747.html
247,247,247,Laptop MSI Modern 14 C7M-083VN,AMD,13990000.0,8GB,https://cellphones.com.vn/laptop-msi-modern-14-c7m-083vn.html
248,248,248,Laptop Dell Inspiron 15 3520 70296960,NVIDIA,21200000.0,8GB,https://cellphones.com.vn/laptop-dell-inspiron-15-3520-70296960.html
249,249,249,Laptop Lenovo Gaming Legion 5 Pro 16IAH7H 82RF0043VN,NVIDIA,46990000.0,16GB,https://cellphones.com.vn/laptop-lenovo-gaming-legion-5-pro-16iah7h-82rf0043vn.html
250,250,250,Laptop Lenovo Gaming Legion 5 Pro 16IAH7H 82RF0043VN,NVIDIA,46990000.0,16GB,https://cellphones.com.vn/laptop-lenovo-gaming-legion-5-pro-16iah7h-82rf0043vn.html
251,251,251,Laptop ASUS VivoBook D515DA-EJ845T,AMD,12490000.0,4GB,https://cellphones.com.vn/laptop-asus-vivobook-d515da-ej845t.html
252,252,252,Laptop Asus VivoBook Flip 14 TM420UA-EC181W,AMD,18490000.0,8GB,https://cellphones.com.vn/laptop-asus-vivobook-flip-14-tm420ua-ec181w.html
253,253,253,Laptop Asus Zenbook 14 Flip OLED UP3404VA-KN038W,INTEL,29990000.0,16GB,https://cellphones.com.vn/laptop-asus-zenbook-14-flip-oled-up3404va-kn038w.html
254,254,254,Laptop Lenovo IdeaPad 3 14ABA7 82RM003UVN,AMD,16800000.0,8GB,https://cellphones.com.vn/laptop-lenovo-ideapad-3-14aba7-82rm003uvn.html
255,255,255,Laptop Asus Vivobook Pro M3500QC L1388W,NVIDIA,27590000.0,16GB,https://cellphones.com.vn/laptop-asus-vivobook-pro-m3500qc-l1388w.html
256,256,256,Laptop Lenovo Gaming Legion 5 15ARH7H 82RD003TVN,NVIDIA,35900000.0,16GB,https://cellphones.com.vn/laptop-lenovo-gaming-legion-5-15arh7h-82rd003tvn.html
257,257,257,Laptop MSI Katana 15 B13VEK-252VN,NVIDIA,32990000.0,8GB,https://cellphones.com.vn/laptop-msi-katana-15-b13vek-252vn.html
258,258,258,Laptop MSI Modern 15 B7M-098VN,AMD,16490000.0,8GB,https://cellphones.com.vn/laptop-msi-modern-15-b7m-098vn.html
259,259,259,Laptop MSI Modern 15 A5M 237VN,AMD,17490000.0,8GB,https://cellphones.com.vn/laptop-msi-modern-15-a5m-237vn.html
260,260,260,Laptop LG Gram 2022 14Z90Q-G.AJ32A5,INTEL,25990000.0,8GB,https://cellphones.com.vn/laptop-lg-gram-2022-14z90q-g-aj32a5.html
261,261,261,Laptop ASUS TUF Gaming F15 FX506HCB-HN1138W,NVIDIA,25990000.0,8GB,https://cellphones.com.vn/laptop-asus-tuf-gaming-f15-fx506hcb-hn1138w.html
262,262,262,Laptop Asus VivoBook 15X OLED S3504VA-L1226W,INTEL,21990000.0,16GB,https://cellphones.com.vn/laptop-asus-vivobook-15x-oled-s3504va-l1226w.html
263,263,263,Laptop HP Zbook Firefly 14 G8 1A2F1AV,INTEL,28300000.0,8GB,https://cellphones.com.vn/laptop-hp-zbook-firefly-14-g8-1a2f1av.html
264,264,264,Laptop HP Pavilion 15-EG2056TU 6K786PA,INTEL,18990000.0,8GB,https://cellphones.com.vn/laptop-hp-pavilion-15-eg2056tu-6k786pa.html
265,265,265,Laptop Dell gaming G15 5511 4XJ74 Nhập khẩu chính hãng,NVIDIA,29300000.0,8GB,https://cellphones.com.vn/laptop-dell-gaming-g15-5511-4xj74.html
266,266,266,Laptop Asus Vivobook 14X A1403ZA-LY153W,INTEL,14900000.0,8GB,https://cellphones.com.vn/laptop-asus-vivobook-14x-a1403za-ly153w.html
267,267,267,Laptop Dell Vostro 3500 P112F002ABL,NVIDIA,22990000.0,8GB,https://cellphones.com.vn/laptop-dell-vostro-3500-p112f002abl.html
268,268,268,Laptop Lenovo Yoga Slim 7 Pro 14IHU5 O 82NH00AGVN,INTEL,29990000.0,16GB,https://cellphones.com.vn/laptop-lenovo-yoga-slim-7-pro-14ihu5-o-82nh00agvn.html
269,269,269,Apple Mac mini M1 16GB 256GB 2020 I Chính hãng Apple Việt Nam,APPLE,25990000.0,16GB,https://cellphones.com.vn/mac-mini-2020-m1-16gb.html
270,270,270,Laptop Lenovo Ideapad 3 15IAU7 82RK001LVN,INTEL,17490000.0,8GB,https://cellphones.com.vn/laptop-lenovo-ideapad-3-15iau7-82rk001lvn.html
271,271,271,Laptop MSI Modern 15 B13M-297VN,INTEL,21990000.0,16GB,https://cellphones.com.vn/laptop-msi-modern-15-b13m-297vn.html
272,272,272,Laptop Asus Vivobook 14 X1402ZA-EK084W,INTEL,17690000.0,8GB,https://cellphones.com.vn/laptop-asus-vivobook-14-x1402za-ek084w.html
273,273,273,Laptop LG Gram 2022 16Z90Q-G.AH78A5,INTEL,48990000.0,16GB,https://cellphones.com.vn/laptop-lg-gram-2022-16z90q-g-ah78a5.html
274,274,274,Laptop LG Gram 2022 16Z90Q-G.AH52A5,INTEL,41990000.0,16GB,https://cellphones.com.vn/laptop-lg-gram-2022-16z90q-g-ah52a5.html
275,275,275,Laptop MSI Modern 14 C13M-611VN,INTEL,18490000.0,16GB,https://cellphones.com.vn/laptop-msi-modern-14-c13m-611vn.html
276,276,276,Laptop MSI Cyborg 15 A12VF-267VN,NVIDIA,30490000.0,8GB,https://cellphones.com.vn/laptop-msi-cyborg-15-a12vf-267vn.html
277,277,277,Laptop Asus Gaming ROG Zephyrus G14 GA402RK-L8072W,AMD,45990000.0,32GB,https://cellphones.com.vn/laptop-asus-gaming-rog-zephyrus-g14-ga402rk-l8072w.html
278,278,278,Laptop ASUS TUF Gaming A15 FA506IHRB-HN080W,NVIDIA,19990000.0,8GB,https://cellphones.com.vn/laptop-asus-tuf-gaming-a15-fa506ihrb-hn080w.html
279,279,279,Laptop Acer Swift 3 SF314-511-55QE NX.ABNSV.003,INTEL,22990000.0,16GB,https://cellphones.com.vn/laptop-acer-swift-3-sf314-511-55qe.html
280,280,280,Laptop Asus Vivobook 14X A1403ZA-LY072W,INTEL,14300000.0,8GB,https://cellphones.com.vn/laptop-asus-vivobook-14x-a1403za-ly072w.html
281,281,281,Laptop MSI Modern 14 B11MOU 1030VN,INTEL,14990000.0,8GB,https://cellphones.com.vn/laptop-msi-modern-14-b11mou-1030vn.html
282,282,282,Laptop Dell Inspiron 15 3515 G6GR72,AMD,15990000.0,8GB,https://cellphones.com.vn/laptop-dell-inspiron-15-3515-g6gr72.html
283,283,283,Laptop Huawei Matebook D15,INTEL,15990000.0,8GB,https://cellphones.com.vn/laptop-huawei-matebook-d15-i5-1135g7-8gb-256gb.html
284,284,284,Laptop Dell Inspiron 3511 P112F001ABL,INTEL,13600000.0,4GB,https://cellphones.com.vn/laptop-dell-inspiron-3511-p112f001abl.html
285,285,285,Laptop Intel NUC M15 BBC510EAUXBC1,INTEL,21700000.0,16GB,https://cellphones.com.vn/laptop-intel-nuc-m15-bbc510eauxbc1.html
286,286,286,Laptop ASUS VivoBook X1502ZA-BQ127W,INTEL,16500000.0,8GB,https://cellphones.com.vn/laptop-asus-vivobook-x1502za-bq127w.html
287,287,287,Laptop MSI Modern 14 C13M-458VN,INTEL,17990000.0,8GB,https://cellphones.com.vn/laptop-msi-modern-14-c13m-458vn.html
288,288,288,Laptop HP Pavilion 15-EG2089TU 7C0R1PA,INTEL,21900000.0,8GB,https://cellphones.com.vn/laptop-hp-pavilion-15-eg2089tu-7c0r1pa.html
289,289,289,Laptop LG Gram 2022 14ZD90Q-G.AX52A5,INTEL,28500000.0,8GB,https://cellphones.com.vn/laptop-lg-gram-2022-14zd90q-g-ax52a5.html
290,290,290,Macbook Pro 14 inch M2 Max 64GB 2023 (12 CPU - 30 GPU - 64GB - 1TB),NVIDIA,92990000.0,64GB,https://cellphones.com.vn/macbook-pro-14-inch-m2-max-64gb-2023.html
291,291,291,Laptop LG Gram 2022 17ZD90Q-G.AX52A5,INTEL,40990000.0,16GB,https://cellphones.com.vn/laptop-lg-gram-2022-17zd90q-g-ax52a5.html
292,292,292,LAPTOP DELL INSPIRON 3505 i3505-A542BLK,AMD,14100000.0,8GB,https://cellphones.com.vn/laptop-dell-inspiron-3505-i3505-a542blk.html
293,293,293,Laptop MSI Modern 15 B7M-238VN,AMD,16990000.0,16GB,https://cellphones.com.vn/laptop-msi-modern-15-b7m-238vn.html
294,294,294,Laptop MSI Katana GF66 12UCK-699VN,NVIDIA,23400000.0,8GB,https://cellphones.com.vn/laptop-msi-katana-gf66-2uck-699vn.html
295,295,295,Laptop Acer Swift X SFX16-51G-516Q NX.AYKSV.002,NVIDIA,28990000.0,16GB,https://cellphones.com.vn/laptop-acer-swift-x-sfx16-51g-516q-nx-ayksv-002.html
296,296,296,Laptop Dell Gaming G15 5511,NVIDIA,27990000.0,8GB,https://cellphones.com.vn/laptop-dell-gaming-g15-5511.html
297,297,297,Laptop Lenovo ThinkBook 15 G3 ACL 21A400CHVN,AMD,15590000.0,8GB,https://cellphones.com.vn/laptop-lenovo-thinkbook-15-g3-acl-21a400chvn.html
298,298,298,Laptop Evo Asus Expertbook B9400CEA-KC1013W,INTEL,29000000.0,8GB,https://cellphones.com.vn/laptop-asus-expertbook-b9400cea-kc1013w.html
299,299,299,Laptop HP Envy X360 15M-ES1013,INTEL,22990000.0,8GB,https://cellphones.com.vn/laptop-hp-envy-x360-15m-es1013.html
300,300,300,Laptop Gaming Acer Nitro 5 Tiger AN515-58-769J NH.QFHSV.003,NVIDIA,29990000.0,8GB,https://cellphones.com.vn/laptop-gaming-acer-nitro-5-tiger-an515-58-769j.html
301,301,301,Laptop Asus Expertbook B3 Flip B3402FEA-EC1271W,INTEL,17490000.0,8GB,https://cellphones.com.vn/laptop-asus-expertbook-b3-flip-b3402fea-ec1271w.html
302,302,302,Laptop Asus VivoBook 15 X1504VA-NJ070W,INTEL,18490000.0,16GB,https://cellphones.com.vn/laptop-asus-vivobook-15-x1504va-nj070w.html
303,303,303,Laptop Asus Zenbook UX425EA-KI839W,INTEL,23990000.0,8GB,https://cellphones.com.vn/laptop-asus-zenbook-ux425ea-ki839w.html
304,304,304,Laptop Asus Expertbook B5 B5602CBA-L20197W,INTEL,41300000.0,16GB,https://cellphones.com.vn/laptop-asus-expertbook-b5-b5602cba-l20197w.html
305,305,305,Laptop Dell XPS 13 9310 70231343,INTEL,41990000.0,8GB,https://cellphones.com.vn/laptop-dell-xps-13-9310.html
306,306,306,Laptop Asus Vivobook 15x Oled M1503QA-L1028W,AMD,17990000.0,8GB,https://cellphones.com.vn/laptop-asus-vivobook-15x-oled-m1503qa-l1028w.html
307,307,307,Laptop HP Pavilion 15-EG2084TU 7C0Q6PA,INTEL,17400000.0,8GB,https://cellphones.com.vn/laptop-hp-pavilion-15-eg2084tu-7c0q6pa.html
308,308,308,Laptop HP Pavilion 14-DV2075TU 7C0W2PA,INTEL,18100000.0,8GB,https://cellphones.com.vn/laptop-hp-pavilion-14-dv2075tu-7c0w2pa.html
309,309,309,Laptop HP Pavilion X360 14-EK0059TU 6K7E1PA,INTEL,16590000.0,8GB,https://cellphones.com.vn/laptop-hp-pavilion-x360-14-ek0059tu-6k7e1pa.html
310,310,310,Laptop HP Pavilion X360 14-EK0134TU 7C0P8PA,INTEL,20300000.0,8GB,https://cellphones.com.vn/laptop-hp-pavilion-x360-14-ek0134tu-7c0p8pa.html
311,311,311,Laptop Asus TUF Gaming A15 A15 FA507RR-HN835W,NVIDIA,38600000.0,16GB,https://cellphones.com.vn/laptop-asus-tuf-gaming-a15-fa507rr-hn835w.html
312,312,312,Laptop MSI Modern 14 B11MOU-1028VN,INTEL,13490000.0,8GB,https://cellphones.com.vn/laptop-msi-modern-14-b11mou-1028vn.html
313,313,313,Laptop HP Pavilion 15-EG2038TX 6K784PA,NVIDIA,18000000.0,8GB,https://cellphones.com.vn/laptop-hp-pavilion-15-eg2038tx-6k784pa.html
314,314,314,Laptop Asus TUF Gaming A15 FA507NV-LP046W,NVIDIA,35990000.0,8GB,https://cellphones.com.vn/laptop-asus-tuf-gaming-a15-fa507nv-lp046w.html
315,315,315,Laptop ASUS ZenBook UX325EA-KG363T,INTEL,25290000.0,8GB,https://cellphones.com.vn/laptop-asus-zenbook-ux325ea-kg363t.html
316,316,316,Laptop HP Pavilion 15-EG2063TU 6K791PA,INTEL,14300000.0,8GB,https://cellphones.com.vn/laptop-hp-pavilion-15-eg2063tu-6k791pa.html
317,317,317,Laptop Asus ROG Flow X16 GV601VV-NL016W,NVIDIA,65990000.0,16GB,https://cellphones.com.vn/laptop-asus-rog-flow-x16-gv601vv-nl016w.html
318,318,318,Laptop LG Gram 2021 17Z90P-G.AH76A5 17 inch,INTEL,46400000.0,16GB,https://cellphones.com.vn/laptop-lg-gram-17-2021-ssd-512gb.html
319,319,319,Laptop LG Gram 2022 14ZD90Q-G.AX56A5,INTEL,33990000.0,16GB,https://cellphones.com.vn/laptop-lg-gram-2022-14zd90q-g-ax56a5.html
320,320,320,Laptop HP Pavilion 15-EG2057TU 6K787PA,INTEL,18990000.0,8GB,https://cellphones.com.vn/laptop-hp-pavilion-15-eg2057tu-6k787pa.html
321,321,321,Laptop Dell Inspiron 15 3505 Y1N1T3,AMD,15990000.0,8GB,https://cellphones.com.vn/laptop-dell-inspiron-15-3505-y1n1t3.html
322,322,322,Laptop MSI Modern 15 B13M-438VN,INTEL,18490000.0,8GB,https://cellphones.com.vn/laptop-msi-modern-15-b13m-438vn.html
323,323,323,Laptop Lenovo Ideapad 15IAU7 82RK001NVN,INTEL,13600000.0,8GB,https://cellphones.com.vn/laptop-lenovo-ideapad-15iau7-82rk001nvn.html
324,324,324,Laptop Asus VivoBook 14 OLED M1405YA-KM047W,AMD,17990000.0,8GB,https://cellphones.com.vn/laptop-asus-vivobook-14-oled-m1405ya-km047w.html
325,325,325,Laptop MSI Modern 14 C12M-241VN,INTEL,19990000.0,8GB,https://cellphones.com.vn/laptop-msi-modern-14-c12m-241vn.html
326,326,326,Laptop MSI Modern 14 B5M 202VN,AMD,17990000.0,8GB,https://cellphones.com.vn/laptop-msi-modern-14-b5m-202vn.html
327,327,327,Laptop Dell Insprion 3515 G6GR71,AMD,13490000.0,8GB,https://cellphones.com.vn/laptop-dell-insprion-3515-g6gr71.html
328,328,328,Laptop Asus Vivobook Pro N7600ZE-L2010W,NVIDIA,41300000.0,16GB,https://cellphones.com.vn/laptop-asus-proart-n7600ze-l2010w.html
329,329,329,Laptop Huawei Matebook D15,INTEL,19990000.0,8GB,https://cellphones.com.vn/laptop-huawei-matebook-d15.html
330,330,330,Laptop HP Pavilion 15-EG2035TX 6K781PA,NVIDIA,19590000.0,8GB,https://cellphones.com.vn/laptop-hp-pavilion-15-eg2035tx-6k781pa.html
331,331,331,Laptop Lenovo Ideapad Gaming 3 15IAH7 82S9007UVN,NVIDIA,31290000.0,16GB,https://cellphones.com.vn/laptop-lenovo-ideapad-gaming-3-15iah7-82s9007uvn.html
332,332,332,Laptop HP Pavilion 15-EG2064TX 7C0W8PA,NVIDIA,19000000.0,8GB,https://cellphones.com.vn/laptop-hp-pavilion-15-eg2064tx-7c0w8pa.html
333,333,333,Laptop HP 240 G8 518V5PA,INTEL,16300000.0,4GB,https://cellphones.com.vn/laptop-hp-250-g8-518v5pa.html
334,334,334,Laptop Dell Insprion 3525 N5R75825U106W,AMD,20490000.0,8GB,https://cellphones.com.vn/laptop-dell-insprion-3525-n5r75825u106w.html
335,335,335,Laptop Lenovo Yoga Slim 7 14ACN6 82N7008VVN,AMD,25000000.0,8GB,https://cellphones.com.vn/laptop-lenovo-yoga-slim-7-14acn6-82n7008vvn.html
336,336,336,Laptop Lenovo Gaming Legion 5 15ARH05 82B500GUVN,NVIDIA,24990000.0,8GB,https://cellphones.com.vn/laptop-lenovo-gaming-legion-5-ryzen-5.html
337,337,337,Laptop MSI Modern A5M 239VN,AMD,15200000.0,8GB,https://cellphones.com.vn/laptop-msi-modern-15-a5m-239vn.html
338,338,338,Laptop HP 15-EF2126WM 4J771UA,AMD,13600000.0,8GB,https://cellphones.com.vn/laptop-hp-15-ef2126wm-4j771ua.html
339,339,339,Laptop LG Gram 2021 17Z90P-G.AH78A5 17 inch,INTEL,54900000.0,16GB,https://cellphones.com.vn/laptop-lg-gram-17-2021.html
340,340,340,Laptop MSI Prestige 15 A11SC-037VN,NVIDIA,34990000.0,16GB,https://cellphones.com.vn/laptop-msi-prestige-15-a11sc-037vn.html
341,341,341,Laptop HP 15-EF2127 4J0V2UA,AMD,13600000.0,8GB,https://cellphones.com.vn/laptop-hp-15-ef2127-4j0v2ua.html
342,342,342,Laptop HP Pavilion X360 14-EK0131TU 7C0P6PA,INTEL,16300000.0,8GB,https://cellphones.com.vn/laptop-hp-pavilion-x360-14-ek0131tu-7c0p6pa.html
343,343,343,Laptop LG Gram 2021 14Z90P-G.AH75A5 14 inch,INTEL,41300000.0,16GB,https://cellphones.com.vn/laptop-lg-gram-2021.html
344,344,344,Laptop Lenovo Ideapad 5 14ABA7 82SE007DVN,AMD,17700000.0,16GB,https://cellphones.com.vn/laptop-lenovo-ideapad-5-14aba7-82se007dvn.html
345,345,345,Laptop Asus TUF Gaming F15 FX507ZE-HN093W,NVIDIA,33490000.0,8GB,https://cellphones.com.vn/laptop-asus-tuf-gaming-f15-fx507ze-hn093w.html
346,346,346,Laptop ASUS Zenbook UX425EA,INTEL,30690000.0,16GB,https://cellphones.com.vn/laptop-asus-zenbook-14-ux425ea-ki439t.html
347,347,347,Laptop LG Gram 2022 16ZD90Q-G.AX53A5,INTEL,37990000.0,8GB,https://cellphones.com.vn/laptop-lg-gram-2022-16zd90q-g-ax53a5.html
348,348,348,Laptop Lenovo Ideapad Slim 5 14ITL05 82FE016PVN,INTEL,17890000.0,16GB,https://cellphones.com.vn/laptop-lenovo-ideapad-slim-5-14itl05-82fe016pvn.html
349,349,349,Laptop MSI Modern 14 C13M-609VN,INTEL,17990000.0,8GB,https://cellphones.com.vn/laptop-msi-modern-14-c13m-609vn.html
350,350,350,Laptop LG Gram 2022 17Z90Q-G.AH78A5,INTEL,49200000.0,16GB,https://cellphones.com.vn/laptop-lg-gram-2022-17z90q-g-ah78a5.html
351,351,351,Laptop Lenovo Ideapad Slim 5 14ITL05 82FE016PVN,INTEL,17890000.0,16GB,https://cellphones.com.vn/laptop-lenovo-ideapad-slim-5-14itl05-82fe016pvn.html
352,352,352,Laptop Dell Vostro 5620 P117F001AGR,INTEL,31990000.0,16GB,https://cellphones.com.vn/laptop-dell-vostro-5620-p117f001agr.html
353,353,353,Laptop Dell Vostro 14 3400 YX51W6,NVIDIA,18590000.0,8GB,https://cellphones.com.vn/laptop-dell-vostro-14-3400-yx51w6.html
354,354,354,Laptop Lenovo Gaming Legion 5 15ARH7H 82RD004UVN,NVIDIA,38000000.0,16GB,https://cellphones.com.vn/laptop-lenovo-gaming-legion-5-15arh7h-82rd004uvn.html
355,355,355,Laptop Dell Vostro 14 3400 YX51W3,NVIDIA,19000000.0,8GB,https://cellphones.com.vn/laptop-dell-vostro-14-3400-yx51w3.html
356,356,356,Laptop HP Pavilion X360 14-EK0135TU 7C0W5PA,INTEL,21590000.0,8GB,https://cellphones.com.vn/laptop-hp-pavilion-x360-14-ek0135tu-7c0w5pa.html
357,357,357,Laptop LG Gram 2021 16Z90P-G.AH73A5 16 inch,INTEL,48900000.0,16GB,https://cellphones.com.vn/laptop-lg-gram-16-2021-ssd-256gb.html
358,358,358,Macbook Pro 16 inch 2021 M1 Max 10 CPU - 32 GPU 64GB 2TB 2021 | Chính hãng Apple Việt Nam,INTEL,119990000.0,64GB,https://cellphones.com.vn/macbook-pro-16-inch-2021-m1-max-32gpu-64gb-2tb.html
359,359,359,Laptop HP Pavilion 15-EG2055TU 6K785PA,INTEL,21000000.0,8GB,https://cellphones.com.vn/laptop-hp-pavilion-15-eg2055tu-6k785pa.html
360,360,360,Laptop HP Pavilion 15-EG2086TU 7C0Q8PA,INTEL,14300000.0,8GB,https://cellphones.com.vn/laptop-hp-pavilion-15-eg2086tu-7c0q8pa.html
361,361,361,Laptop LG Gram 2022 16Z90Q-G.AH76A5,INTEL,46990000.0,16GB,https://cellphones.com.vn/laptop-lg-gram-2022-16z90q-g-ah76a5.html
362,362,362,Laptop ASUS ExpertBook B9400CEA-KC0773T,INTEL,29300000.0,8GB,https://cellphones.com.vn/laptop-asus-expertbook-b9400cea-kc0773t.html
363,363,363,Laptop LG GRAM 2IN1 14T90R-G.AH55A5,INTEL,37990000.0,16GB,https://cellphones.com.vn/laptop-lg-gram-2023-2in1-14t90r-g-ah55a5.html
364,364,364,Laptop Gaming Acer Nitro 5 AN515 58 52SP,NVIDIA,28300000.0,8GB,https://cellphones.com.vn/laptop-gaming-acer-nitro-5-an515-58-52sp.html
365,365,365,Laptop Gaming ASUS ROG Zephyrus G14 GA401QE-K2097T,NVIDIA,43990000.0,16GB,https://cellphones.com.vn/laptop-asus-rog-zephyrus-g14-ga401qe-k2097t.html
366,366,366,Laptop ASUS Gaming TUF FX506HCB-HN139T,NVIDIA,25990000.0,8GB,https://cellphones.com.vn/laptop-asus-tuf-gaming-fx506hcb-hn139t.html
367,367,367,Laptop Dell Gaming G15 Ryzen Edition 5515 70266674,NVIDIA,29300000.0,8GB,https://cellphones.com.vn/laptop-dell-gaming-g15-ryzen-edition-5515-70266674.html
368,368,368,Laptop Lenovo Ideapad 15IAU7 82RK001QVN,INTEL,17990000.0,8GB,https://cellphones.com.vn/laptop-lenovo-ideapad-15iau7-82rk001qvn.html
369,369,369,Laptop Fujitsu CH 9C13A1 4ZR1J05323,INTEL,25990000.0,8GB,https://cellphones.com.vn/laptop-fujitsu-ch-9c13a1-4zr1j05323.html
370,370,370,Laptop MSI Gaming Pulse GL66 11UDK-255VN,NVIDIA,33990000.0,16GB,https://cellphones.com.vn/laptop-msi-pulse-gl66-11udk-255vn.html
371,371,371,Laptop ASUS VivoBook S433EA,INTEL,19990000.0,8GB,https://cellphones.com.vn/laptop-asus-vivobook-s14-s433ea.html
372,372,372,Laptop DELL Vostro 5320 P156G001AGR,INTEL,23990000.0,8GB,https://cellphones.com.vn/laptop-dell-vostro-5320-p156g001agr.html
373,373,373,Laptop HP 240 G8 1H7F8AV,INTEL,12800000.0,4GB,https://cellphones.com.vn/laptop-hp-240-g8-1h7f8av.html
374,374,374,Laptop Dell Inspiron 5415 TX4H61,AMD,21990000.0,8GB,https://cellphones.com.vn/laptop-dell-insprion-5415-tx4h61.html
375,375,375,Laptop Gigabyte MF F2VN333SH,INTEL,22990000.0,8GB,https://cellphones.com.vn/laptop-gigabyte-g5-mf-f2vn333sh.html
376,376,376,Laptop MSI Modern 15 A11M,INTEL,19990000.0,8GB,https://cellphones.com.vn/laptop-msi-modern-15-a11m-678vn.html
377,377,377,Laptop Lenovo Ideapad 5 Pro 14IAP7 82SH002UVN,INTEL,27990000.0,16GB,https://cellphones.com.vn/laptop-lenovo-ideapad-5-pro-14iap7-82sh002uvn.html
378,378,378,Laptop HP 15-HP 15 T-DW300 1A3Y3AV,INTEL,16300000.0,8GB,https://cellphones.com.vn/laptop-hp-15-hp-15-t-dw300-1a3y3av.html
379,379,379,Laptop Asus ROG Strix G18 G814JI-N6063W,NVIDIA,70990000.0,32GB,https://cellphones.com.vn/laptop-asus-rog-strix-g18-g814ji-n6063w.html
380,380,380,Laptop ASUS TUF Gaming A15 FA507RE-HN007W,NVIDIA,30490000.0,8GB,https://cellphones.com.vn/laptop-asus-tuf-gaming-a15-fa507re-hn007w.html
381,381,381,Laptop Lenovo Ideapad 1 11IGL05,INTEL,10490000.0,4GB,https://cellphones.com.vn/laptop-lenovo-ideapad-1-11igl05-81vt006fvn.html
382,382,382,Laptop Vaio FE 14 VWNC51427-RG,INTEL,17990000.0,8GB,https://cellphones.com.vn/laptop-vaio-fe-14-vwnc51427-rg.html
383,383,383,Laptop Acer Aspire 3 A315-58-382Z NX.ADDSV.00K,INTEL,12990000.0,8GB,https://cellphones.com.vn/laptop-acer-aspire-3-a315-58-382z.html
384,384,384,Laptop Lenovo Ideapad 3,INTEL,12990000.0,4GB,https://cellphones.com.vn/laptop-lenovo-ideapad-3-81we014mak.html
385,385,385,Macbook Pro 16 inch 2021 M1 Max 10 CPU - 32 GPU 64GB 8TB 2021 | Chính hãng Apple Việt Nam,INTEL,179990000.0,64GB,https://cellphones.com.vn/macbook-pro-16-inch-2021-m1-max-32gpu-64gb-8tb.html
386,386,386,Laptop Asus Gaming ROG Strix SCAR 18 G834JY-N6039W,NVIDIA,125000000.0,64GB,https://cellphones.com.vn/laptop-asus-gaming-rog-strix-scar-18-g834jy-n6039w.html
387,387,387,Laptop LG Gram 2021 16Z90P-G.AH75A5 16 inch,INTEL,50900000.0,16GB,https://cellphones.com.vn/laptop-lg-gram-16-2021.html
388,388,388,Laptop LG GRAM 2023 16Z90RS-G.AH54A5,INTEL,37990000.0,16GB,https://cellphones.com.vn/laptop-lg-gram-2023-ultra-slim-16z90rs-g-ah54a5.html
389,389,389,Laptop Lenovo Yoga Slim 7 Pro 14IHU5 O 82NH00AEVN,INTEL,26690000.0,16GB,https://cellphones.com.vn/laptop-lenovo-yoga-slim-7-pro-14ihu5-o-82nh00aevn.html
390,390,390,Laptop Asus Vivobook Flip 14 TP470EA EC347W,INTEL,20090000.0,8GB,https://cellphones.com.vn/laptop-asus-vivobook-flip-14-tp470ea-ec347w.html
391,391,391,Laptop LG Gram 2023 14Z90RS-G.AH54A5,INTEL,38990000.0,16GB,https://cellphones.com.vn/laptop-lg-gram-2023-14z90rs-g-ah54a5.html
392,392,392,Laptop Dell Inspiron 5502 N5I5310W,NVIDIA,22990000.0,8GB,https://cellphones.com.vn/laptop-dell-inspiron-5502-n5i5310w.html
393,393,393,Laptop MSI Modern 14 B5M 203VN,AMD,13190000.0,8GB,https://cellphones.com.vn/laptop-msi-modern-14-b5m-203vn.html
394,394,394,Lenovo ideapad 3 15ITL 82H801QUS,INTEL,19990000.0,12GB,https://cellphones.com.vn/laptop-lenovo-ideapad-3-15itl7-82h801dqus.html
395,395,395,Laptop Vaio FE 14 VWNC51427-BL,INTEL,17990000.0,8GB,https://cellphones.com.vn/laptop-vaio-fe-14-vwnc51427-bl.html
396,396,396,Laptop LG Gram 2022 17ZD90Q-G.AX73A5,INTEL,39990000.0,16GB,https://cellphones.com.vn/laptop-lg-gram-2022-17zd90q-g-ax73a5.html
397,397,397,Laptop ASUS VivoBook X415EA-EK675T,INTEL,13490000.0,4GB,https://cellphones.com.vn/laptop-asus-vivobook-x415ea-ek675t.html
398,398,398,Laptop HP Pavilion 15-EG0542TU 4P5G9PA,INTEL,15990000.0,4GB,https://cellphones.com.vn/laptop-hp-pavilion-15-eg0542tu-4p5g9pa.html
399,399,399,Laptop LG GRAM 2023 14ZD90R-G.AX52A5,INTEL,25990000.0,8GB,https://cellphones.com.vn/laptop-lg-gram-2023-14zd90r-g-ax52a5.html
400,400,400,Laptop MSI Gaming GF63 Thin 11UC-444VN,NVIDIA,22490000.0,8GB,https://cellphones.com.vn/laptop-msi-gaming-gf63-thin-11uc-444vn.html
401,401,401,Laptop MSI Prestige 14 A11SCX-282VN,NVIDIA,32990000.0,8GB,https://cellphones.com.vn/laptop-msi-prestige-15-a11scx-282vn.html
402,402,402,Laptop Lenovo Ideapad 3i,INTEL,16990000.0,8GB,https://cellphones.com.vn/laptop-lenovo-ideapad-3i.html
403,403,403,Laptop Asus Expertbook B9400CEA KC1258W,INTEL,37890000.0,16GB,https://cellphones.com.vn/laptop-asus-expertbook-b9400cea-kc1258w.html
404,404,404,Laptop ASUS ROG Strix G15 G513IC-HN002T,NVIDIA,27490000.0,8GB,https://cellphones.com.vn/laptop-asus-rog-strix-g15-g513ic-hn002t.html
405,405,405,Laptop ASUS TUF Gaming FA506IV-HN202T,NVIDIA,32990000.0,16GB,https://cellphones.com.vn/laptop-asus-tuf-gaming-a15-fa506iv.html
406,406,406,Laptop HP Pavilion x360 14 EK0056TU 6L294PA,INTEL,,8GB,https://cellphones.com.vn/laptop-hp-pavilion-x360-14-ek0056tu-6l294pa.html
407,407,407,Laptop Dell Inspirion 15 3000 L3511 7125BLK,INTEL,23990000.0,16GB,https://cellphones.com.vn/laptop-dell-inspiron-15-3000-i3511-7125blk.html
408,408,408,Laptop Lenovo Yoga Slim 7 14ITL05,INTEL,27990000.0,8GB,https://cellphones.com.vn/laptop-lenovo-yoga-slim-7-i7.html
409,409,409,Laptop MSI Modern 15 A5M 234VN,AMD,16490000.0,8GB,https://cellphones.com.vn/laptop-msi-modern-15-a5m-234vn.html
410,410,410,Laptop HP DQ2031TG,INTEL,13990000.0,4GB,https://cellphones.com.vn/laptop-hp-14-dq2031tg.html
411,411,411,Laptop LG Gram 2023 15Z90RT-G.AH55A5,INTEL,43990000.0,16GB,https://cellphones.com.vn/laptop-lg-gram-2023-15z90rt-g-ah55a5.html
412,412,412,Laptop LG Gram 2023 14Z90R-G.AH53A5,INTEL,,8GB,https://cellphones.com.vn/laptop-lg-gram-2023-14z90r-g-ah53a51.html
413,413,413,Laptop HP Envy 13-BA1535TU 4U6M4PA,INTEL,30490000.0,8GB,https://cellphones.com.vn/laptop-hp-envy-13-ba1535tu-4u6m4pa.html
414,414,414,Laptop Asus Expertbook P2451FA-BV3113,INTEL,16590000.0,8GB,https://cellphones.com.vn/laptop-asus-expertbook-p2451fa-bv3113.html
415,415,415,Laptop HP Probook 450 G8 2Z6L0PA,NVIDIA,21390000.0,8GB,https://cellphones.com.vn/laptop-hp-probook-430-g8-2z6l0pa.html
416,416,416,Laptop MSI Gaming GF63 THIN 10SC-020VN,NVIDIA,22990000.0,8GB,https://cellphones.com.vn/laptop-msi-gaming-gf63-thin-10sc-020vn.html
417,417,417,Laptop LG Gram 2023 16Z90R-G.AH76A5,INTEL,46990000.0,16GB,https://cellphones.com.vn/laptop-lg-gram-2023-16z90r-g-ah76a5.html
418,418,418,Laptop Asus Vivobook A415 EB1750W,NVIDIA,15390000.0,8GB,https://cellphones.com.vn/laptop-asus-vivobook-a415ea-eb1750w.html
419,419,419,Laptop HP Pavilion 15-cs0014TU 4MF01PA,INTEL,13890000.0,8GB,https://cellphones.com.vn/laptop-hp-pavilion-15-cs0014tu.html
420,420,420,Laptop Dell Gaming G3 3500 G3500B,NVIDIA,31990000.0,16GB,https://cellphones.com.vn/laptop-dell-gaming-g3-3500-g3500b.html
421,421,421,Laptop ASUS Gaming ROG Strix G15 G513RW-HQ223W,NVIDIA,57990000.0,16GB,https://cellphones.com.vn/laptop-asus-gaming-rog-strix-g15-g513rw-hq223w.html
422,422,422,Laptop Lenovo Yoga Slim 7 Pro 14IHU5 O 82NH00AFVN,INTEL,25990000.0,16GB,https://cellphones.com.vn/laptop-lenovo-yoga-slim-7-pro-14ihu5-o-82nh00afvn.html
423,423,423,Laptop Asus Zenbook UX425EA-KI883W,INTEL,23990000.0,8GB,https://cellphones.com.vn/laptop-asus-zenbook-ux425ea-ki883w.html
424,424,424,Laptop ASUS ZenBook UX482EA-KA268T,INTEL,39990000.0,16GB,https://cellphones.com.vn/laptop-asus-zenbook-ux482ea-ka268t.html
425,425,425,Laptop ASUS Vivobook S533EA,INTEL,20590000.0,8GB,https://cellphones.com.vn/laptop-asus-vivobook-s15-s533ea-bn293t.html
426,426,426,Laptop Asus TUF Gaming A15 FA507RC-HN051W,NVIDIA,29490000.0,8GB,https://cellphones.com.vn/laptop-asus-tuf-gaming-a15-fa507rc-hn051w.html
427,427,427,Laptop MSI Katana GF66 11UC-641VN,NVIDIA,29990000.0,8GB,https://cellphones.com.vn/laptop-msi-katana-gf66-11uc-641vn.html
428,428,428,Laptop Lenovo ideapad 3 15ITL6 82H800M5VN,INTEL,13990000.0,8GB,https://cellphones.com.vn/laptop-lenovo-ideapad-3-15itl6-82h800m5vn.html
429,429,429,Laptop ASUS TUF Gaming A15 FA507RM-HN018W,NVIDIA,34990000.0,8GB,https://cellphones.com.vn/laptop-asus-tuf-gaming-a15-fa507rm-hn018w.html
430,430,430,Laptop Lenovo Ideapad 3 14ITL6 82H4005QVN,INTEL,15990000.0,8GB,https://cellphones.com.vn/laptop-lenovo-ideapad-3-14itl6-i3-82h4005qvn.html
431,431,431,Laptop MSI Prestige 14 EVO A11M-206VN,INTEL,25990000.0,8GB,https://cellphones.com.vn/laptop-msi-prestige-14-evo-206vn.html
432,432,432,Laptop Dell Vostro 3400 V4I7015W,NVIDIA,26990000.0,8GB,https://cellphones.com.vn/laptop-dell-vostro-3400-v4i7015w.html
433,433,433,Laptop LG Gram 2023 14Z90R-G.AH53A5,INTEL,32490000.0,16GB,https://cellphones.com.vn/laptop-lg-gram-2023-14z90r-g-ah53a5.html
434,434,434,Laptop ASUS Gaming ROG Zephyrus G14 GA401QM-K2041T,NVIDIA,49990000.0,32GB,https://cellphones.com.vn/laptop-asus-gaming-rog-zephyrus-g14-ga401qm-k2041t-tui.html
435,435,435,Laptop Asus Gaming ROG Strix SCAR 16 G634JZ-N4029W,NVIDIA,95000000.0,16GB,https://cellphones.com.vn/laptop-asus-gaming-rog-strix-scar-16-g634jz-n4029w.html
436,436,436,Laptop MSI Modern 14 C7M-212VN,AMD,14490000.0,16GB,https://cellphones.com.vn/laptop-msi-modern-14-c7m-212vn.html
437,437,437,Laptop ASUS VivoBook M513UA-L1221T,AMD,18790000.0,8GB,https://cellphones.com.vn/laptop-asus-vivobook-m513ua-l1221t.html
438,438,438,Laptop Dell Vostro 55410 V4I5214W,INTEL,23690000.0,8GB,https://cellphones.com.vn/laptop-dell-vostro-55410-v4i5214w.html
439,439,439,Laptop LG Gram 2022 17Z90Q-G.AH74A5,INTEL,47990000.0,16GB,https://cellphones.com.vn/laptop-lg-gram-2022-17z90q-g-ah74a5.html
440,440,440,Laptop HP 240 G8 518V8PA,INTEL,18990000.0,8GB,https://cellphones.com.vn/laptop-hp-240-g8-518v8pa.html
441,441,441,Laptop LG Gram 2022 17Z90Q-G.AH76A5,INTEL,48990000.0,16GB,https://cellphones.com.vn/laptop-lg-gram-2022-17z90q-g-ah76a5.html
442,442,442,Laptop Asus ROG Strix SCAR 17 SE G733CX-LL6789W,NVIDIA,110990000.0,32GB,https://cellphones.com.vn/laptop-asus-rog-strix-scar-17-se-g733cx-ll6789w.html
443,443,443,Macbook Pro 16 inch 2021 M1 Max 10 CPU - 32 GPU 64GB 4TB 2021 | Chính hãng Apple Việt Nam,INTEL,135990000.0,64GB,https://cellphones.com.vn/macbook-pro-16-inch-2021-m1-max-32gpu-64gb-4tb.html
444,444,444,Macbook Pro 14 inch 2021 M1 Pro 10 CPU - 16 GPU 16GB 1TB sạc 96W | Chính hãng Apple Việt Nam,INTEL,67990000.0,16GB,https://cellphones.com.vn/macbook-pro-14-inch-2021-10cpu-16gpu-1tb-96w.html
445,445,445,Laptop Dell Vostro 3510 V5I3305W,INTEL,16990000.0,8GB,https://cellphones.com.vn/laptop-dell-vostro-3510-v5i3305w.html
446,446,446,Laptop LG Gram 2022 14Z90Q-G.AJ53A5,INTEL,31290000.0,8GB,https://cellphones.com.vn/laptop-lg-gram-2022-14z90q-g-aj53a5.html
447,447,447,Macbook Pro 16 inch 2021 M1 Max 10 CPU - 24 GPU 64GB 1TB 2021 | Chính hãng Apple Việt Nam,NVIDIA,101990000.0,64GB,https://cellphones.com.vn/macbook-pro-16-inch-2021-m1-max-24gpu-64gb-1tb.html
448,448,448,Laptop LG Gram 2023 14Z90R-G.AH75A5,INTEL,38990000.0,16GB,https://cellphones.com.vn/laptop-lg-gram-2023-14z90r-g-ah75a5.html
449,449,449,Laptop ASUS Gaming ROG Strix G512-IAL013T,NVIDIA,28990000.0,16GB,https://cellphones.com.vn/laptop-asus-gaming-rog-strix-g512-ihn281t.html
450,450,450,Dell Inspiron 13 5370 70146440,INTEL,25590000.0,16GB,https://cellphones.com.vn/dell-inspiron-13-5370-70146440.html
451,451,451,Laptop Dell Inspiron 3501 70253898,NVIDIA,24590000.0,8GB,https://cellphones.com.vn/laptop-dell-inspiron-3501-70253898.html
452,452,452,Laptop ASUS Gaming ROG Strix G531GT-AL030T,NVIDIA,24990000.0,8GB,https://cellphones.com.vn/laptop-asus-gaming-rog-strix-g531gt-al030t.html
453,453,453,Laptop Asus Zenbook UX425EA BM069T,INTEL,24690000.0,8GB,https://cellphones.com.vn/laptop-asus-zenbook-ux425ea-bm069t.html
454,454,454,Macbook Pro 14 inch 2021 M1 Max 10 CPU - 24 GPU 32GB 1TB sạc 97W | Chính hãng Apple Việt Nam,APPLE,70990000.0,32GB,https://cellphones.com.vn/macbook-pro-14-inch-2021-m1-max-10cpu-24gpu-32gb-1tb-96w.html
455,455,455,Macbook Pro 16 inch 2021 M1 Max 32GPU 64GB 1TB | Chính hãng Apple Việt Nam,INTEL,109990000.0,64GB,https://cellphones.com.vn/macbook-pro-16-inch-2021-m1-max-32gpu-64gb-1tb.html
456,456,456,MacBook Air 15 inch M2 2023 16GB 256GB | Chính hãng Apple Việt Nam,APPLE,37990000.0,16GB,https://cellphones.com.vn/macbook-air-15-inch-m2-2023-16gb-256gb.html
457,457,457,MacBook Air 15 inch M2 2023 8GB 512GB | Chính hãng Apple Việt Nam,APPLE,37990000.0,8GB,https://cellphones.com.vn/macbook-air-15-inch-m2-2023-512gb.html
458,458,458,Laptop HP Gaming Victus 16-D0292TX 5Z9R3PA,NVIDIA,27890000.0,8GB,https://cellphones.com.vn/laptop-hp-gaming-victus-16-d0292tx-5z9r3pa.html
459,459,459,Laptop MSI Gaming Pulse GL76 11UDK 689VN,NVIDIA,34490000.0,16GB,https://cellphones.com.vn/laptop-msi-gaming-pulse-gl76-11udk-689vn.html
460,460,460,Laptop ASUS S533EQ BN338T,NVIDIA,22990000.0,8GB,https://cellphones.com.vn/laptop-asus-vivobook-s533eq-bn338t.html
461,461,461,Laptop ASUS Gaming ROG Strix G15 G513QR-HQ096T,NVIDIA,48490000.0,16GB,https://cellphones.com.vn/laptop-asus-rog-strix-g15-g513qr-hq096t.html
462,462,462,Laptop Acer Aspire 3 A315-42-R4XD NX.HF9SV.008,INTEL,18990000.0,8GB,https://cellphones.com.vn/laptop-acer-aspire-3-a315-42-r4xd.html
463,463,463,Laptop Gaming MSI Stealth 15M A11SDK 060VN,NVIDIA,34490000.0,16GB,https://cellphones.com.vn/laptop-msi-stealth-15m-a11sdk-060vn.html
464,464,464,Macbook Pro 16 inch 2021 M1 Pro 10 CPU - 16 GPU 32GB 1TB 2021 | Chính hãng Apple Việt Nam,INTEL,82990000.0,32GB,https://cellphones.com.vn/macbook-pro-16-inch-2021-32gb-1tb.html
465,465,465,MacBook Air 15 inch M2 2023 16GB 512GB | Chính hãng Apple Việt Nam,APPLE,42990000.0,16GB,https://cellphones.com.vn/macbook-air-15-inch-m2-2023-16gb-512gb.html
466,466,466,Laptop Asus Rog Strix Scar 17 733QS,NVIDIA,74990000.0,32GB,https://cellphones.com.vn/laptop-asus-rog-strix-scar-17-g733qs.html
467,467,467,Laptop HP Pavilion X360 14-EK0057TU 6K7E0PA,INTEL,20990000.0,8GB,https://cellphones.com.vn/laptop-hp-pavilion-x360-14-ek0057tu-6k7e0pa.html
468,468,468,Laptop HP VICTUS 16-d0293TX (5Z9R4PA),NVIDIA,27890000.0,8GB,https://cellphones.com.vn/laptop-hp-victus-16-d0293tx-5z9r4pa.html
469,469,469,Laptop Asus Vivobook Pro 16X N7600ZE-L2010W,NVIDIA,42990000.0,16GB,https://cellphones.com.vn/laptop-asus-vivobook-pro-16x-n7600ze-l2010w.html
470,470,470,Laptop ASUS Gaming ROG Strix G17 G713RW-LL157W,NVIDIA,59990000.0,16GB,https://cellphones.com.vn/laptop-asus-gaming-rog-strix-g17-g713rw-ll157w.html
471,471,471,Laptop LG Gram 2022 16ZD90Q-G.AX51A5,INTEL,36990000.0,8GB,https://cellphones.com.vn/laptop-lg-gram-2022-16zd90q-g-ax51a5.html
472,472,472,Laptop LG Gram 2022 14ZD90Q-G.AX31A5,INTEL,23290000.0,8GB,https://cellphones.com.vn/laptop-lg-gram-2022-14zd90q-g-ax31a5.html
473,473,473,Laptop HP 240 G8 3D3H7PA,INTEL,19190000.0,8GB,https://cellphones.com.vn/laptop-hp-240-g8-3d3h7pa.html
474,474,474,Laptop Dell Vostro 5502 NT0X01,NVIDIA,22590000.0,8GB,https://cellphones.com.vn/laptop-dell-vostro-5502-nt0x01.html
