,Unnamed: 0.3,Unnamed: 0.2,Unnamed: 0.1,Unnamed: 0,Name,Price,Cpu,Ram,Rom
0,0,0,0,1,Laptop Dell Inspiron 16 5620 i7 1255U/8GB/512GB/OfficeHS/Win11 (N6I7110W1),249900000.0,CoreI7,8GB,512GBSSD
1,1,1,1,2,Laptop HP Pavilion X360 14 ek0134TU i5 1235U/8GB/512GB/Touch/Pen/Win11 (7C0P8PA),184900000.0,CoreI5,8GB,512GBSSD
2,2,2,2,3,Laptop HP Envy X360 13 bf0090TU i7 1250U/16GB/512GB/Touch/Pen/Win11 (76B13PA),279900000.0,CoreI7,16GB,512GBSSD
3,3,3,3,4,Laptop HP EliteBook 630 G9 i7 1255U/16GB/512GB/Win11 (6M146PA),241900000.0,CoreI7,16GB,512GBSSD
4,4,4,4,5,Laptop Asus Zenbook 14 OLED UX3402ZA i5 1240P/8GB/512GB/90Hz/Cáp/Túi/Win11 (KM220W),209900000.0,CoreI5,8GB,512GBSSD
5,5,5,5,6,Laptop Asus Zenbook 14 Flip OLED UP3404VA i7 1360P/16GB/512GB/Touch/Pen/Cáp/Túi/Win11 (KN039W),309900000.0,CoreI7,16GB,512GBSSD
6,6,6,6,8,Laptop Dell XPS 17 9710 i7 11800H/16GB/1TB SSD/4GB RTX3050/Touch/Cáp/Office H&S/Win11 (XPS7I7001W1),714900000.0,CoreI7,16GB,1TBSSD
7,7,7,7,9,Laptop HP Envy 16 h0205TX i9 12900H/32GB/512GB/6GB RTX3060/Touch/Win11 (7C0T2PA),589900000.0,CoreI9,32GB,512GBSSD
8,8,8,8,10,Laptop Asus Gaming ROG Flow Z13 GZ301VU i9 13900H/16GB/1TB/6GB RTX4050/165Hz/Touch/Pen/Túi/Win11 (MU301W),539900000.0,CoreI9,16GB,1TBSSD
9,9,9,9,11,Laptop LG gram 2023 i7 1360P/16GB/1TB/Win11 (17Z90R-G.AH78A5),509900000.0,CoreI7,16GB,1TBSSD
10,10,10,10,12,Laptop Lenovo ThinkPad X1 Carbon Gen 10 i7 1260P/16GB/512GB/Touch/Win11 (21CB00A8VN),484900000.0,CoreI7,16GB,512GBSSD
11,11,11,11,13,Laptop HP Elitebook Dragonfly G3 i7 1255U/16GB/1TB SSD/Touch/Win11 Pro (6Z980PA),474900000.0,CoreI7,16GB,1TBSSD
12,12,12,12,14,Laptop LG gram 2023 i7 1360P/16GB/512GB/Win11 (16Z90R-G.AH76A5),469900000.0,CoreI7,16GB,512GBSSD
13,13,13,13,15,Laptop Asus Vivobook Pro 16 OLED K6602VV i9 13900H/16GB/1TB/8GB RTX4060/Win11 (MX077W),454900000.0,CoreI9,16GB,1TBSSD
14,14,14,14,16,Laptop HP Elitebook X360 1040 G9 i7 1255U/16GB/512GB/Touch/Pen/Win11 Pro (6Z982PA),450900000.0,CoreI7,16GB,512GBSSD
15,15,15,15,17,Laptop Surface Pro 9 i7 1255U/16GB/256GB/Touch/120Hz/Win11,449900000.0,CoreI7,16GB,256GBSSD
16,16,16,16,18,Laptop Asus Zenbook S 13 OLED UX5304VA i7 1355U/32GB/1TB/Túi/Win11 (NQ126W),414900000.0,CoreI7,32GB,1TBSSD
17,17,17,17,19,Laptop LG gram 2023 i7 1360P/16GB/512GB/Win11 (14Z90R-G.AH75A5),389900000.0,CoreI7,16GB,512GBSSD
18,18,18,18,20,Laptop LG gram Style 2023 i5 1340P/16GB/512GB/90Hz/Win11 (14Z90RS-G.AH54A5),389900000.0,CoreI5,16GB,512GBSSD
19,19,19,19,23,Laptop Asus Zenbook S 13 OLED UX5304VA i7 1355U/16GB/512GB/Túi/Win11 (NQ125W),369900000.0,CoreI7,16GB,512GBSSD
20,20,20,20,24,Laptop Lenovo Yoga Duet 7 13ITL6 i7 1165G7/16GB/1TB/Touch/Pen/Win11 (82MA009PVN),364900000.0,CoreI7,16GB,1TBSSD
21,21,21,21,25,Laptop Asus Vivobook Pro 15 OLED K6502VU i5 13500H/16GB/512GB/6GB RTX4050/Win11 (MA089W),354900000.0,CoreI5,16GB,512GBSSD
22,22,22,22,26,Laptop Apple MacBook Pro 13 inch M1 2020 8-core CPU/16GB/512GB/8-core GPU (Z11C),349900000.0,AppleM1,16GB,512GBSSD
23,23,23,23,27,Laptop LG gram 2023 i5 1340P/16GB/256GB/Win11 (14Z90R-G.AH53A5),324900000.0,CoreI5,16GB,256GBSSD
24,24,24,24,29,Laptop Asus Zenbook 14 OLED UX3402VA i7 1360P/16GB/512GB/Cáp/Túi/Win11 (KM068W),294900000.0,CoreI7,16GB,512GBSSD
25,25,25,25,30,Laptop Lenovo Yoga Slim 7 Pro 14IAH7 i7 12700H/16GB/512GB/Win11 (82UT006CVN),309900000.0,CoreI7,16GB,512GBSSD
26,26,26,26,32,Laptop Lenovo Yoga Slim 7 Carbon 13ITL5 i7 1165G7/16GB/1TB/Win11 (82EV00AWVN),297400000.0,CoreI7,16GB,1TBSSD
27,27,27,27,33,Laptop MSI Summit E14 Flip Evo A12MT i7 1280P/16GB/512GB/Touch/Pen/Túi/Win11 (210VN),279900000.0,CoreI7,16GB,512GBSSD
28,28,28,28,34,Laptop Lenovo Yoga Duet 7 13ITL6 i5 1135G7/8GB/512GB/Touch/Pen/Win11 (82MA009NVN),284900000.0,CoreI5,8GB,512GBSSD
29,29,29,29,35,Laptop Asus Zenbook 14 Flip OLED UP3404VA i5 1340P/16GB/512GB/Touch/Pen/Cáp/Túi/Win11 (KN038W),284900000.0,CoreI5,16GB,512GBSSD
30,30,30,30,36,Laptop Lenovo ThinkPad E15 Gen 4 i7 1260P/16GB/512GB/Win11 (21E600CPVN),276900000.0,CoreI7,16GB,512GBSSD
31,31,31,31,37,Laptop Asus Vivobook Pro 15 OLED K6502Z i7 12650H/16GB/512GB/4GB RTX3050/Win11 (MA036W),269900000.0,CoreI7,16GB,512GBSSD
32,32,32,32,38,Laptop Asus Zenbook 14 OLED UX3402ZA i7 1260P/16GB/512GB/Cáp/Win11 (KM221W),264900000.0,CoreI7,16GB,512GBSSD
33,33,33,33,39,Laptop Lenovo Yoga 7 14IAL7 i5 1240P/16GB/512GB/Touch/Pen/Win11 (82QE000RVN),263400000.0,CoreI5,16GB,512GBSSD
34,34,34,34,40,Laptop Asus Zenbook 14 OLED UX3402VA i5 1340P/16GB/512GB/Cáp/Túi/Win11 (KM085W),254900000.0,CoreI5,16GB,512GBSSD
35,35,35,35,41,Laptop Lenovo Yoga Slim 7 Carbon 13ITL5 i5 1135G7/16GB/512GB/Win11 (82EV00AVVN),246400000.0,CoreI5,16GB,512GBSSD
36,36,36,36,42,Laptop HP Envy X360 13 bf0095TU i5 1230U/16GB/512GB/Touch/Pen/Win11 (76B15PA),245900000.0,CoreI5,16GB,512GBSSD
37,37,37,37,43,Laptop HP Envy X360 13 bf0112TU i5 1230U/16GB/512GB/Touch/Pen/Win11 (7C0N9PA),245900000.0,CoreI5,16GB,512GBSSD
38,38,38,38,44,Laptop MSI Summit E14 Evo A12M i7 1280P/16GB/512GB/Túi/Chuột/Win11 (211VN),232900000.0,CoreI7,16GB,512GBSSD
39,39,39,39,45,Laptop HP Pavilion X360 14 ek0132TU i7 1255U/16GB/512GB/Touch/Pen/Win11 (7C0W4PA),239900000.0,CoreI7,16GB,512GBSSD
40,40,40,40,46,Laptop Asus Vivobook Pro 15 OLED K6502Z i5 12450H/16GB/512GB/4GB RTX3050/120Hz/Win11 (MA025W),234900000.0,CoreI5,16GB,512GBSSD
41,41,41,41,47,Laptop Asus ExpertBook B5402CB i5 1240P/16GB/512GB/Win11 (KI0353W),234900000.0,CoreI5,16GB,512GBSSD
42,42,42,42,48,Laptop HP Pavilion X360 14 ek1049TU i5 1335U/16GB/512GB/Touch/Pen/Win11 (80R27PA),219900000.0,CoreI5,16GB,512GBSSD
43,43,43,43,49,Laptop HP Pavilion X360 14 ek1048TU i5 1335U/8GB/512GB/Touch/Pen/Win11 (80R26PA),205900000.0,CoreI5,8GB,512GBSSD
44,44,44,44,50,Laptop HP Elitebook 630 G9 i5 1235U/8GB/512GB/Win11 (6M143PA),195900000.0,CoreI5,8GB,512GBSSD
45,45,45,45,51,Laptop Asus ZenBook UX325EA i5 1135G7/8GB/512GB/Cáp/Túi/Win11 (KG656W),187900000.0,CoreI5,8GB,512GBSSD
46,46,46,46,52,Laptop Acer Swift 3 SF314 511 55QE i5 1135G7/16GB/512GB/Win11 (NX.ABNSV.003),176900000.0,CoreI5,16GB,512GBSSD
47,47,47,47,53,Laptop HP Pavilion X360 14 ek0059TU i3 1215U/8GB/256GB/Touch/Win11 (6K7E1PA),146900000.0,CoreI3,8GB,256GBSSD
48,48,48,48,54,Laptop HP Pavilion X360 14 ek0131TU i3 1215U/8GB/256GB/Touch/Win11 (7C0P6PA),144900000.0,CoreI3,8GB,256GBSSD
49,49,49,49,56,Laptop Acer Aspire 7 Gaming A715 42G R05G R5 5500U/8GB/512GB/4GB GTX1650/144Hz/Win11 (NH.QAYSV.007),149900000.0,AMDRyzen5,8GB,512GBSSD
50,50,50,50,58,Laptop Dell Vostro 3510 i5 1135G7/8GB/512GB/2GB MX350/OfficeHS/Win11 (P112F002BBL),229900000.0,CoreI5,8GB,512GBSSD
51,51,51,51,59,Laptop Acer Nitro 5 Gaming AN515 45 R6EV R5 5600H/8GB/512GB/144Hz/4GB GTX1650/Win11 (NH.QBMSV.006),169900000.0,AMDRyzen5,8GB,512GBSSD
52,52,52,52,60,Laptop Acer Nitro 5 Gaming AN515 57 5669 i5 11400H/8GB/512GB/144Hz/4GB GTX1650/Win11 (NH.QEHSV.001),179900000.0,CoreI5,8GB,512GBSSD
53,53,53,53,61,Laptop Asus Gaming ROG Strix G15 G513IH R7 4800H/8GB/512GB/4GB GTX1650/144Hz/Win11 (HN015W),179900000.0,AMDRyzen7,8GB,512GBSSD
54,54,54,54,62,Laptop HP Pavilion 15 eg2035TX i5 1235U/8GB/512GB/2GB MX550/Win11 (6K781PA),180900000.0,CoreI5,8GB,512GBSSD
55,55,55,55,63,Laptop Asus Gaming TUF Dash F15 FX517ZE i5 12450H/8GB/512GB/4GB RTX3050Ti/144Hz/Win11 (HN045W),219900000.0,CoreI5,8GB,512GBSSD
56,56,56,56,64,Laptop Lenovo Ideapad Gaming 3 15IAH7 i5 12500H/8GB/512GB/4GB RTX3050/120Hz/Win11 (82S9007TVN),179900000.0,CoreI5,8GB,512GBSSD
57,57,57,57,65,Laptop Lenovo Legion 5 15IAH7 i5 12500H/8GB/512GB/4GB RTX3050Ti/165Hz/Win11 (82RC003WVN),234900000.0,CoreI5,8GB,512GBSSD
58,58,58,58,66,Laptop Dell Gaming G15 5511 i5 11400H/8GB/256GB/4GB RTX3050/120Hz/OfficeHS/Win11 (70266676),274900000.0,CoreI5,8GB,256GBSSD
59,59,59,59,67,Laptop MSI Gaming GF63 Thin 12VE i5 12450H/8GB/512GB/6GB RTX4050/144Hz/Win11 (460VN),209900000.0,CoreI5,8GB,512GBSSD
60,60,60,60,68,Laptop Asus Gaming TUF Dash F15 FX517ZC i5 12450H/8GB/512GB/4GB RTX3050/144Hz/Win11 (HN077W),207900000.0,CoreI5,8GB,512GBSSD
61,61,61,61,69,Laptop Asus Gaming ROG Strix SCAR 15 G533ZM i7 12700H/16GB/512GB/6GB RTX3060/240Hz/Balo/Win11 (LN2210W),359900000.0,CoreI7,16GB,512GBSSD
62,62,62,62,71,Laptop Asus Gaming ROG Strix SCAR 18 G834JY i9 13980HX/64GB/2TB/16GB RTX4090/240Hz/Balo/Chuột/Win11(N6039W),1180000000.0,CoreI9,64GB,2TBSSD
63,63,63,63,72,Laptop Asus Gaming ROG Strix SCAR 17 G733PZ R9 7945HX/32GB/1TB/12GB RTX4080/240Hz/Balo/Chuột/Win11 (LL980W),795000000.0,AMDRyzen9,32GB,1TBSSD
64,64,64,64,73,Laptop Asus Gaming ROG Zephyrus M16 GU604VI i9 13900H/32GB/1TB/8GB RTX4070/240Hz/Balo/Win11 (NM779W),759900000.0,CoreI9,32GB,1TBSSD
65,65,65,65,74,Laptop Dell XPS 17 9710 i7 11800H/16GB/1TB SSD/4GB RTX3050/Touch/Cáp/Office H&S/Win11 (XPS7I7001W1),714900000.0,CoreI7,16GB,1TBSSD
66,66,66,66,75,Laptop Dell Gaming Alienware m15 R6 i7 11800H/32GB/1TB SSD/6GB RTX3060/165Hz/Office H&S/Win11 (P109F001DBL),619900000.0,CoreI7,32GB,1TBSSD
67,67,67,67,76,Laptop HP Envy 16 h0205TX i9 12900H/32GB/512GB/6GB RTX3060/Touch/Win11 (7C0T2PA),589900000.0,CoreI9,32GB,512GBSSD
68,68,68,68,77,Laptop Asus Gaming ROG Strix G16 G614JI i7 13650HX/16GB/1TB/8GB RTX4070/240Hz/Balo/Win11 (N4084W),569900000.0,CoreI7,16GB,1TBSSD
69,69,69,69,78,Laptop HP Omen 16 n0085AX R9 6900HX/32GB/1TB SSD/8GB RTX3070Ti/165Hz/Win11 (7C144PA),566900000.0,AMDRyzen9,32GB,1TBSSD
70,70,70,70,79,Laptop Asus Gaming ROG Flow Z13 GZ301VU i9 13900H/16GB/1TB/6GB RTX4050/165Hz/Touch/Pen/Túi/Win11 (MU301W),539900000.0,CoreI9,16GB,1TBSSD
71,71,71,71,80,Laptop LG gram 2023 i7 1360P/16GB/1TB/Win11 (17Z90R-G.AH78A5),509900000.0,CoreI7,16GB,1TBSSD
72,72,72,72,81,Laptop HP Elitebook Dragonfly G3 i7 1255U/16GB/1TB SSD/Touch/Win11 Pro (6Z980PA),474900000.0,CoreI7,16GB,1TBSSD
73,73,73,73,82,Laptop LG gram 2023 i7 1360P/16GB/512GB/Win11 (16Z90R-G.AH76A5),469900000.0,CoreI7,16GB,512GBSSD
74,74,74,74,83,Laptop HP Omen 16 n0087AX R7 6800H/16GB/1TB SSD/6GB RTX3060/165Hz/Win11 (7C0T7PA),457900000.0,AMDRyzen7,16GB,1TBSSD
75,75,75,75,84,Laptop Asus Vivobook Pro 16 OLED K6602VV i9 13900H/16GB/1TB/8GB RTX4060/Win11 (MX077W),454900000.0,CoreI9,16GB,1TBSSD
76,76,76,76,85,Laptop Asus Gaming ROG Strix G17 G713RW R9 6900HX/32GB/1TB/8GB RTX3070Ti/240Hz/Balo/Win11 (LL178W),444900000.0,AMDRyzen9,32GB,1TBSSD
77,77,77,77,86,Laptop Acer Gaming Predator Helios Neo 16 PHN16 71 74BA i7 13700HX/16GB/512GB/8GB RTX4060/165Hz/Win11 (NH.QLUSV.004),429900000.0,CoreI7,16GB,512GBSSD
78,78,78,78,87,Laptop Asus Gaming ROG Zephyrus G16 GU603VU i7 13620H/16GB/512GB/6GB RTX4050/165Hz/Win11 (N3898W),414900000.0,CoreI7,16GB,512GBSSD
79,79,79,79,88,Laptop Asus Zenbook S 13 OLED UX5304VA i7 1355U/32GB/1TB/Túi/Win11 (NQ126W),414900000.0,CoreI7,32GB,1TBSSD
80,80,80,80,89,Laptop Asus TUF Gaming F15 FX507VV4 i9 13900H/16GB/512GB/8GB RTX4060/144Hz/Win11 (LP382W),399900000.0,CoreI9,16GB,512GBSSD
81,81,81,81,90,Laptop Asus Gaming ROG Strix G16 G614JU i7 13650HX/16GB/512GB/6GB RTX4050/165Hz/Win11 (N3777W),399900000.0,CoreI7,16GB,512GBSSD
82,82,82,82,91,Laptop LG gram 2023 i7 1360P/16GB/512GB/Win11 (14Z90R-G.AH75A5),389900000.0,CoreI7,16GB,512GBSSD
83,83,83,83,92,Laptop LG gram Style 2023 i5 1340P/16GB/512GB/90Hz/Win11 (14Z90RS-G.AH54A5),389900000.0,CoreI5,16GB,512GBSSD
84,84,84,84,93,Laptop Acer Gaming Predator Helios Neo 16 PHN16 71 7460 i7 13700HX/8GB/512GB/6GB RTX4050/165Hz/Win11 (NH.QLTSV.004),389900000.0,CoreI7,8GB,512GBSSD
85,85,85,85,95,Laptop Asus Zenbook S 13 OLED UX5304VA i7 1355U/16GB/512GB/Túi/Win11 (NQ125W),369900000.0,CoreI7,16GB,512GBSSD
86,86,86,86,96,Laptop Asus Gaming ROG Strix G16 G614JU i5 13450HX/8GB/512GB/6GB RTX4050/165Hz/Win11 (N3135W),366900000.0,CoreI5,8GB,512GBSSD
87,87,87,87,97,Laptop Acer Gaming Predator Helios Neo 16 PHN16 71 54CD i5 13500HX/8GB/512GB/6GB RTX4050/165Hz/Win11 (NH.QLTSV.001),359900000.0,CoreI5,8GB,512GBSSD
88,88,88,88,98,Laptop Acer Gaming Nitro 17 Phoenix AN17 51 50B9 i5 13500H/8GB/512GB/6GB RTX4050/165Hz/Win11 (NH.QK5SV.001),354900000.0,CoreI5,8GB,512GBSSD
89,89,89,89,99,Laptop Apple MacBook Pro 13 inch M1 2020 8-core CPU/16GB/512GB/8-core GPU (Z11C),349900000.0,AppleM1,16GB,512GBSSD
90,90,90,90,101,Laptop Asus Gaming TUF Dash F15 FX517ZR i7 12650H/8GB/512GB/8GB RTX3070/144Hz/Win11 (HN086W),329900000.0,CoreI7,8GB,512GBSSD
91,91,91,91,102,Laptop LG gram 2023 i5 1340P/16GB/256GB/Win11 (14Z90R-G.AH53A5),324900000.0,CoreI5,16GB,256GBSSD
92,92,92,92,103,Laptop Asus Gaming ROG Strix G15 G513RM R7 6800H/16GB/512GB/6GB RTX3060/165Hz/Balo/Win11 (HQ055W),319900000.0,AMDRyzen7,16GB,512GBSSD
93,93,93,93,104,Laptop Asus TUF Gaming F15 FX507ZM i7 12700H/16GB/512GB/6GB RTX3060/144Hz/Win11 (HN123W),309900000.0,CoreI7,16GB,512GBSSD
94,94,94,94,105,Laptop Lenovo Yoga Slim 7 Pro 14IAH7 i7 12700H/16GB/512GB/Win11 (82UT006CVN),309900000.0,CoreI7,16GB,512GBSSD
95,95,95,95,106,Laptop Asus TUF Gaming F15 FX507ZU4 i7 12700H/8GB/512GB/6GB RTX4050/144Hz/Win11 (LP520W),309900000.0,CoreI7,8GB,512GBSSD
96,96,96,96,107,Laptop Acer Nitro 5 Tiger AN515 58 773Y i7 12700H/8GB/512GB/4GB RTX3050Ti/144Hz/Win11 (NH.QFKSV.001),274900000.0,CoreI7,8GB,512GBSSD
97,97,97,97,108,Laptop Dell Inspiron 5430 i5 1340P/16GB/512GB/2GB MX550/OfficeHS/Win11 (i5P165W11SLD2),274900000.0,CoreI5,16GB,512GBSSD
98,98,98,98,109,Laptop Asus Vivobook Pro 15 OLED K6502Z i7 12650H/16GB/512GB/4GB RTX3050/Win11 (MA036W),269900000.0,CoreI7,16GB,512GBSSD
99,99,99,99,110,Laptop Asus TUF Gaming F15 FX507ZC i7 12700H/8GB/512GB/4GB RTX3050/144Hz/Win11 (HN124W),254900000.0,CoreI7,8GB,512GBSSD
100,100,100,100,111,Laptop Dell Vostro 5620 i5 1240P/8GB/512GB/2GB MX570/OfficeHS/Win11 (70296963),254900000.0,CoreI5,8GB,512GBSSD
101,101,101,101,112,Laptop Asus TUF Gaming F15 FX507ZE i7 12700H/8GB/512GB/4GB RTX3050Ti/144Hz/Win11 (HN093W),254900000.0,CoreI7,8GB,512GBSSD
102,102,102,102,113,Laptop Dell Vostro 3400 i7 1165G7/8GB/512GB/2GB MX330/Office H&S/Win11 (V4I7015W1),251900000.0,CoreI7,8GB,512GBSSD
103,103,103,103,114,Laptop Asus Vivobook 14X OLED S3405VA i9 13900H/16GB/512GB/Win11 (KM071W),244900000.0,CoreI9,16GB,512GBSSD
104,104,104,104,115,Laptop Asus Vivobook Pro 15 OLED K6502Z i5 12450H/16GB/512GB/4GB RTX3050/120Hz/Win11 (MA025W),234900000.0,CoreI5,16GB,512GBSSD
105,105,105,105,116,Laptop Acer Nitro 5 Tiger AN515 58 52SP i5 12500H/8GB/512GB/4GB RTX3050/144Hz/Win11 (NH.QFHSV.001),229900000.0,CoreI5,8GB,512GBSSD
106,106,106,106,117,Laptop Asus Vivobook 15 OLED A1505VA i9 13900H/16GB/512GB/Win11 (L1201W),229900000.0,CoreI9,16GB,512GBSSD
107,107,107,107,118,Laptop MSI Gaming GF63 Thin 11UD i7 11800H/8GB/512GB/4GB RTX3050Ti Max-Q/Balo/Chuột/Win11 (648VN),214900000.0,CoreI7,8GB,512GBSSD
108,108,108,108,119,Laptop Asus Vivobook 14X OLED S3405VA i5 13500H/16GB/512GB/Win11 (KM072W),209900000.0,CoreI5,16GB,512GBSSD
109,109,109,109,120,Laptop Acer Gaming Nitro 5 AN515 57 53F9 i5 11400H/8GB/512GB/4GB RTX3050/144Hz/Win11 (NH.QENSV.008),199900000.0,CoreI5,8GB,512GBSSD
110,110,110,110,121,Laptop Asus TUF Gaming F15 FX506HC i5 11400H/8GB/512GB/4GB RTX3050/144Hz/Win11 (HN144W),189900000.0,CoreI5,8GB,512GBSSD
111,111,111,111,122,Laptop HP Pavilion 15 eg2036TX i5 1235U/8GB/512GB/2GB MX550/Win11 (6K782PA),180900000.0,CoreI5,8GB,512GBSSD
112,112,112,112,123,Laptop HP Pavilion 15 eg2062TX i5 1235U/8GB/512GB/2GB MX550/Win11 (7C0W7PA),180900000.0,CoreI5,8GB,512GBSSD
113,113,113,113,124,Laptop Acer Aspire 7 Gaming A715 43G R8GA R5 5625U/8GB/512GB/4GB RTX3050/144Hz/Win11 (NH.QHDSV.002),174900000.0,AMDRyzen5,8GB,512GBSSD
114,114,114,114,125,Laptop Acer Aspire 7 Gaming A715 75G 58U4 i5 10300H/8GB/512GB/4GB GTX1650/Win11 (NH.Q97SV.004),153900000.0,CoreI5,8GB,512GBSSD
115,115,115,115,126,Laptop Acer Predator Helios PH16 71 94N1 i9 13900HX/32GB/2TB/12GB RTX4080/240Hz/Win11 (NH.QJSSV.002),1177900000.0,CoreI9,32GB,2TBSSD
116,116,116,116,127,Laptop Acer Predator Helios PH18 71 94SJ i9 13900HX/32GB/2TB/12GB RTX4080/240Hz/Win11 (NH.QKRSV.002),1199900000.0,CoreI9,32GB,2TBSSD
117,117,117,117,129,Laptop HP 240 G8 i3 1115G4/8GB/256GB/Win11 (6L1A1PA),97900000.0,CoreI3,8GB,256GBSSD
118,118,118,118,130,Laptop Acer Aspire 3 A315 57 379K i3 1005G1/4GB/256GB/Win11 (NX.KAGSV.001),79900000.0,CoreI3,4GB,256GBSSD
119,119,119,119,131,Laptop HP 15s fq2716TU i3 1115G4/8GB/512GB/Win11 (7C0X3PA),104900000.0,CoreI3,8GB,512GBSSD
120,120,120,120,132,Laptop itel SPIRIT 1 i3 8109U/4GB/256GB/Win11 (71006300035),49900000.0,CoreI3,4GB,256GBSSD
121,121,121,121,133,Laptop Acer Aspire 3 A315 58 54XF i5 1135G7/8GB/512GB/Win11 (NX.AM0SV.007),124900000.0,CoreI5,8GB,512GBSSD
122,122,122,122,134,Laptop HP Pavilion 15 eg2082TU i5 1240P/8GB/512GB/Win11 (7C0Q5PA),169900000.0,CoreI5,8GB,512GBSSD
123,123,123,123,135,Laptop Lenovo Ideapad 3 15IAU7 i3 1215U/8GB/256GB/Win11 (82RK005LVN),94900000.0,CoreI3,8GB,256GBSSD
124,124,124,124,137,Laptop Lenovo IdeaPad 1 15AMN7 R5 7520U/8GB/256GB/Win11 (82VG0061VN),104900000.0,AMDRyzen5,8GB,256GBSSD
125,125,125,125,139,Laptop Acer Aspire 3 A315 58 589K i5 1135G7/8GB/256GB/Win11 (NX.AM0SV.008),114900000.0,CoreI5,8GB,256GBSSD
126,126,126,126,143,Laptop Lenovo ThinkBook 14 G3 ACL R5 5500U/8GB/512GB/Win11 (21A200R0VN),129900000.0,AMDRyzen5,8GB,512GBSSD
127,127,127,127,144,Laptop Acer Aspire 3 A315 59 314F i3 1215U/8GB/256GB/Win11 (NX.K6TSV.002),99900000.0,CoreI3,8GB,256GBSSD
128,128,128,128,146,Laptop HP 245 G9 R5 5625U/8GB/512GB/Win11 (6L1N9PA),116900000.0,AMDRyzen5,8GB,512GBSSD
129,129,129,129,147,Laptop Asus VivoBook X515MA N4020/4GB/256GB/Win11 (BR480W),69900000.0,IntelCeleron,4GB,256GBSSD
130,130,130,130,149,Laptop HP 240 G9 i5 1235U/8GB/256GB/Win11 (6L1Y1PA),149900000.0,CoreI5,8GB,256GBSSD
131,131,131,131,150,Laptop Lenovo Ideapad 3 15ITL6 i5 1155G7/8GB/512GB/Win11 (82H803CVVN),121900000.0,CoreI5,8GB,512GBSSD
132,132,132,132,152,Laptop Acer Aspire 3 A314 35 C3KS N5100/4GB/256GB/Win11 (NX.A7SSV.009),54900000.0,IntelCeleron,4GB,256GBSSD
133,133,133,133,154,Laptop HP 15s fq5078TU i5 1235U/8GB/512GB/Win11 (6K798PA),151900000.0,CoreI5,8GB,512GBSSD
134,134,134,134,155,Laptop Lenovo IdeaPad Slim 5 Light 14ABR8 R5 7530U/16GB/512GB/Win11 (82XS002KVN),154900000.0,AMDRyzen5,16GB,512GBSSD
135,135,135,135,157,Laptop HP 15s fq5147TU i7 1255U/8GB/512GB/Win11 (7C133PA),177900000.0,CoreI7,8GB,512GBSSD
136,136,136,136,160,Laptop HP Pavilion 14 dv2074TU i5 1235U/8GB/512GB/Win11 (7C0P3PA),168900000.0,CoreI5,8GB,512GBSSD
137,137,137,137,161,Laptop Asus Vivobook 14X OLED A1405ZA i5 12500H/8GB/512GB/Win11 (KM146W),164900000.0,CoreI5,8GB,512GBSSD
138,138,138,138,162,Laptop Lenovo Ideapad 3 15IAU7 i5 1235U/8GB/512GB/Win11 (82RK001PVN),134900000.0,CoreI5,8GB,512GBSSD
139,139,139,139,163,Laptop Lenovo Ideapad 3 15IAU7 i3 1215U/8GB/512GB/Win11 (82RK001MVN),99900000.0,CoreI3,8GB,512GBSSD
140,140,140,140,165,Laptop HP 240 G9 i5 1235U/8GB/512GB/Win11 (6L1Y2PA),153900000.0,CoreI5,8GB,512GBSSD
141,141,141,141,166,Laptop HP 15s fq5162TU i5 1235U/8GB/512GB/Win11 (7C134PA),156900000.0,CoreI5,8GB,512GBSSD
142,142,142,142,167,Laptop Acer Aspire 3 A314 35 P3G9 N6000/4GB/256GB/Win11 (NX.A7SSV.007),69900000.0,IntelPentium,4GB,256GBSSD
143,143,143,143,168,Laptop Acer Aspire 3 A314 35 P3G9 N6000/4GB/256GB/Win11 (NX.A7SSV.007),69900000.0,IntelPentium,4GB,256GBSSD
144,144,144,144,169,Laptop HP Pavilion X360 14 ek0134TU i5 1235U/8GB/512GB/Touch/Pen/Win11 (7C0P8PA),184900000.0,CoreI5,8GB,512GBSSD
145,145,145,145,170,Laptop Lenovo Ideapad 5 15IAL7 i5 1235U/8GB/512GB/Win11 (82SF005HVN),144900000.0,CoreI5,8GB,512GBSSD
146,146,146,146,171,Laptop Acer Aspire 5 A514 54 511G i5 1135G7/8GB/1TB SSD/Win11 (NX.A28SV.009),141900000.0,CoreI5,8GB,1TBSSD
147,147,147,147,172,Laptop HP Pavilion 15 eg2035TX i5 1235U/8GB/512GB/2GB MX550/Win11 (6K781PA),180900000.0,CoreI5,8GB,512GBSSD
148,148,148,148,173,Laptop Lenovo Ideapad 3 14ABA7 R5 5625U/8GB/256GB/Win11 (82RM003WVN),104900000.0,AMDRyzen5,8GB,256GBSSD
149,149,149,149,174,Laptop Asus Vivobook 15 X1504VA i5 1335U/8GB/512GB/Win11 (NJ025W),159900000.0,CoreI5,8GB,512GBSSD
150,150,150,150,175,Laptop HP Pavilion 15 eg2056TU i5 1240P/8GB/512GB/Win11 (6K786PA),154900000.0,CoreI5,8GB,512GBSSD
151,151,151,151,176,Laptop Lenovo Ideapad 5 14IAL7 i5 1235U/8GB/512GB/Win11 (82SD0060VN),144900000.0,CoreI5,8GB,512GBSSD
152,152,152,152,181,Laptop Acer Aspire 3 A315 58 382Z i3 1115G4/8GB/256GB/Win11 (NX.ADDSV.00K),99900000.0,CoreI3,8GB,256GBSSD
153,153,153,153,183,Laptop MSI Modern 15 B7M R5 7530U/16GB/512GB/Win11 (231VN),134900000.0,AMDRyzen5,16GB,512GBSSD
154,154,154,154,184,Laptop Asus Vivobook 15 X1502ZA i7 1260P/16GB/512GB/Win11 (EJ582W),179900000.0,CoreI7,16GB,512GBSSD
155,155,155,155,185,Laptop HP Envy X360 13 bf0090TU i7 1250U/16GB/512GB/Touch/Pen/Win11 (76B13PA),279900000.0,CoreI7,16GB,512GBSSD
156,156,156,156,186,Laptop Acer TravelMate B3 TMB311 31 C2HB N4020/4GB/128GB/Win11 (NX.VNFSV.006),59900000.0,IntelCeleron,4GB,128GBSSD
157,157,157,157,187,Laptop Acer Swift 3 SF314 512 56QN i5 1240P/16GB/512GB/Win11 (NX.K0FSV.002),184900000.0,CoreI5,16GB,512GBSSD
158,158,158,158,188,Laptop MSI Modern 14 C7M R5 7530U/8GB/512GB/Win11 (083VN),119900000.0,AMDRyzen5,8GB,512GBSSD
159,159,159,159,189,Laptop Asus VivoBook X415EA i3 1115G4/4GB/512GB/Win11 (EK1386W),91900000.0,CoreI3,4GB,512GBSSD
160,160,160,160,190,Laptop HP EliteBook 630 G9 i7 1255U/16GB/512GB/Win11 (6M146PA),241900000.0,CoreI7,16GB,512GBSSD
161,161,161,161,191,Laptop Acer Aspire 5 A515 58P 34RJ i3 1315U/8GB/512GB/Win11 (NX.KHJSV.003),120000000.0,CoreI3,8GB,512GBSSD
162,162,162,162,192,Laptop Asus Zenbook 14 OLED UX3402ZA i5 1240P/8GB/512GB/90Hz/Cáp/Túi/Win11 (KM220W),209900000.0,CoreI5,8GB,512GBSSD
163,163,163,163,193,Laptop Lenovo Ideapad 5 Pro 14IAP7 i5 1240P/16GB/512GB/Win11 (82SH000SVN),189900000.0,CoreI5,16GB,512GBSSD
164,164,164,164,195,Laptop Asus Vivobook S 14 Flip TP3402VA i5 13500H/16GB/512GB/Touch/Win11 (LZ031W),204900000.0,CoreI5,16GB,512GBSSD
165,165,165,165,196,Laptop Asus Vivobook 14 X1402ZA i3 1220P/4GB/512GB/Win11 (EK249W),104900000.0,CoreI3,4GB,512GBSSD
166,166,166,166,197,Laptop Asus Zenbook 14 Flip OLED UP3404VA i7 1360P/16GB/512GB/Touch/Pen/Cáp/Túi/Win11 (KN039W),309900000.0,CoreI7,16GB,512GBSSD
167,167,167,167,198,Laptop HP Envy 16 h0205TX i9 12900H/32GB/512GB/6GB RTX3060/Touch/Win11 (7C0T2PA),589900000.0,CoreI9,32GB,512GBSSD
168,168,168,168,199,Laptop LG gram 2023 i7 1360P/16GB/1TB/Win11 (17Z90R-G.AH78A5),509900000.0,CoreI7,16GB,1TBSSD
169,169,169,169,200,Laptop HP Elitebook Dragonfly G3 i7 1255U/16GB/1TB SSD/Touch/Win11 Pro (6Z980PA),474900000.0,CoreI7,16GB,1TBSSD
170,170,170,170,201,Laptop LG gram 2023 i7 1360P/16GB/512GB/Win11 (16Z90R-G.AH76A5),469900000.0,CoreI7,16GB,512GBSSD
171,171,171,171,202,Laptop Asus Vivobook Pro 16 OLED K6602VV i9 13900H/16GB/1TB/8GB RTX4060/Win11 (MX077W),454900000.0,CoreI9,16GB,1TBSSD
172,172,172,172,203,Laptop HP Elitebook X360 1040 G9 i7 1255U/16GB/512GB/Touch/Pen/Win11 Pro (6Z982PA),450900000.0,CoreI7,16GB,512GBSSD
173,173,173,173,204,Laptop Surface Pro 9 i7 1255U/16GB/256GB/Touch/120Hz/Win11,449900000.0,CoreI7,16GB,256GBSSD
174,174,174,174,205,Laptop Asus Zenbook S 13 OLED UX5304VA i7 1355U/32GB/1TB/Túi/Win11 (NQ126W),414900000.0,CoreI7,32GB,1TBSSD
175,175,175,175,207,Laptop LG gram 2023 i7 1360P/16GB/512GB/Win11 (14Z90R-G.AH75A5),389900000.0,CoreI7,16GB,512GBSSD
176,176,176,176,208,Laptop LG gram Style 2023 i5 1340P/16GB/512GB/90Hz/Win11 (14Z90RS-G.AH54A5),389900000.0,CoreI5,16GB,512GBSSD
177,177,177,177,212,Laptop Asus Zenbook S 13 OLED UX5304VA i7 1355U/16GB/512GB/Túi/Win11 (NQ125W),369900000.0,CoreI7,16GB,512GBSSD
178,178,178,178,213,Laptop Lenovo Yoga Duet 7 13ITL6 i7 1165G7/16GB/1TB/Touch/Pen/Win11 (82MA009PVN),364900000.0,CoreI7,16GB,1TBSSD
179,179,179,179,214,Laptop Asus Vivobook Pro 15 OLED K6502VU i5 13500H/16GB/512GB/6GB RTX4050/Win11 (MA089W),354900000.0,CoreI5,16GB,512GBSSD
180,180,180,180,216,Laptop LG gram 2023 i5 1340P/16GB/256GB/Win11 (14Z90R-G.AH53A5),324900000.0,CoreI5,16GB,256GBSSD
181,181,181,181,219,Laptop Lenovo Yoga Slim 7 Pro 14IAH7 i7 12700H/16GB/512GB/Win11 (82UT006CVN),309900000.0,CoreI7,16GB,512GBSSD
182,182,182,182,221,Laptop Lenovo Yoga Slim 7 Carbon 13ITL5 i7 1165G7/16GB/1TB/Win11 (82EV00AWVN),297400000.0,CoreI7,16GB,1TBSSD
183,183,183,183,222,Laptop Dell Inspiron 14 7430 2-in-1 i7 1355U/16GB/512GB/Touch/Pen/OfficeHS/Win11 (i7U165W11SLU),294900000.0,CoreI7,16GB,512GBSSD
184,184,184,184,223,Laptop MSI Summit E14 Flip Evo A12MT i7 1280P/16GB/512GB/Touch/Pen/Túi/Win11 (210VN),279900000.0,CoreI7,16GB,512GBSSD
185,185,185,185,224,Laptop Lenovo Yoga Duet 7 13ITL6 i5 1135G7/8GB/512GB/Touch/Pen/Win11 (82MA009NVN),284900000.0,CoreI5,8GB,512GBSSD
186,186,186,186,226,Laptop Lenovo ThinkPad E15 Gen 4 i7 1260P/16GB/512GB/Win11 (21E600CPVN),276900000.0,CoreI7,16GB,512GBSSD
187,187,187,187,230,Laptop Asus Zenbook 14 OLED UX3402ZA i7 1260P/16GB/512GB/Cáp/Win11 (KM221W),264900000.0,CoreI7,16GB,512GBSSD
188,188,188,188,231,Laptop Lenovo Yoga 7 14IAL7 i5 1240P/16GB/512GB/Touch/Pen/Win11 (82QE000RVN),263400000.0,CoreI5,16GB,512GBSSD
189,189,189,189,233,Laptop Asus Zenbook 14 OLED UX3402VA i5 1340P/16GB/512GB/Cáp/Túi/Win11 (KM085W),254900000.0,CoreI5,16GB,512GBSSD
190,190,190,190,236,Laptop Lenovo Yoga Slim 7 Carbon 13ITL5 i5 1135G7/16GB/512GB/Win11 (82EV00AVVN),246400000.0,CoreI5,16GB,512GBSSD
191,191,191,191,237,Laptop HP Envy X360 13 bf0095TU i5 1230U/16GB/512GB/Touch/Pen/Win11 (76B15PA),245900000.0,CoreI5,16GB,512GBSSD
192,192,192,192,238,Laptop HP Envy X360 13 bf0112TU i5 1230U/16GB/512GB/Touch/Pen/Win11 (7C0N9PA),245900000.0,CoreI5,16GB,512GBSSD
193,193,193,193,239,Laptop Asus Vivobook S 14 Flip TP3402VA i9 13900H/16GB/512GB/Touch/Win11 (LZ118W),244900000.0,CoreI9,16GB,512GBSSD
194,194,194,194,240,Laptop Asus Vivobook 14X OLED S3405VA i9 13900H/16GB/512GB/Win11 (KM071W),244900000.0,CoreI9,16GB,512GBSSD
195,195,195,195,241,Laptop MSI Summit E14 Evo A12M i7 1280P/16GB/512GB/Túi/Chuột/Win11 (211VN),232900000.0,CoreI7,16GB,512GBSSD
196,196,196,196,242,Laptop HP Pavilion X360 14 ek0132TU i7 1255U/16GB/512GB/Touch/Pen/Win11 (7C0W4PA),239900000.0,CoreI7,16GB,512GBSSD
197,197,197,197,246,Laptop Asus Vivobook 15 OLED A1505VA i9 13900H/16GB/512GB/Win11 (L1201W),229900000.0,CoreI9,16GB,512GBSSD
198,198,198,198,247,Laptop HP Pavilion 15 eg2088TU i7 1260P/16GB/512GB/Win11 (7C0R0PA),225900000.0,CoreI7,16GB,512GBSSD
199,199,199,199,248,Laptop Lenovo Ideapad 5 Pro 14IAP7 i7 1260P/16GB/512GB/Win11(82SH002SVN),219900000.0,CoreI7,16GB,512GBSSD
200,200,200,200,249,Laptop HP Pavilion X360 14 ek1049TU i5 1335U/16GB/512GB/Touch/Pen/Win11 (80R27PA),219900000.0,CoreI5,16GB,512GBSSD
201,201,201,201,250,Laptop HP Pavilion 15 eg2034TX i7 1255U/8GB/512GB/2GB MX550/Win11 (6K780PA),218900000.0,CoreI7,8GB,512GBSSD
202,202,202,202,251,Laptop Asus Vivobook 14X OLED S3405VA i5 13500H/16GB/512GB/Win11 (KM072W),209900000.0,CoreI5,16GB,512GBSSD
203,203,203,203,252,Laptop HP Pavilion X360 14 ek1048TU i5 1335U/8GB/512GB/Touch/Pen/Win11 (80R26PA),205900000.0,CoreI5,8GB,512GBSSD
204,204,204,204,253,Laptop Asus Vivobook 15 X1504VA i7 1355U/16GB/512GB/Win11 (NJ023W),199900000.0,CoreI7,16GB,512GBSSD
205,205,205,205,254,Laptop HP Elitebook 630 G9 i5 1235U/8GB/512GB/Win11 (6M143PA),195900000.0,CoreI5,8GB,512GBSSD
206,206,206,206,255,Laptop Lenovo ThinkBook 14 G4 IAP i5 1240P/8GB/512GB/Win11 (21DH00B5VN),191900000.0,CoreI5,8GB,512GBSSD
207,207,207,207,256,Laptop HP Probook 450 G9 i5 1235U/8GB/512GB/Win11 (6M0Y9PA),189900000.0,CoreI5,8GB,512GBSSD
208,208,208,208,257,Laptop HP Pavilion 15 eg2081TU i5 1240P/16GB/512GB/Win11 (7C0Q4PA),179900000.0,CoreI5,16GB,512GBSSD
209,209,209,209,258,Laptop HP Pavilion 15 eg2036TX i5 1235U/8GB/512GB/2GB MX550/Win11 (6K782PA),180900000.0,CoreI5,8GB,512GBSSD
210,210,210,210,259,Laptop HP Pavilion 15 eg2062TX i5 1235U/8GB/512GB/2GB MX550/Win11 (7C0W7PA),180900000.0,CoreI5,8GB,512GBSSD
211,211,211,211,261,Laptop Acer Swift 3 SF314 511 55QE i5 1135G7/16GB/512GB/Win11 (NX.ABNSV.003),176900000.0,CoreI5,16GB,512GBSSD
212,212,212,212,262,Laptop HP 15s fq5077TU i7 1255U/8GB/512GB/Win11 (6K797PA),167900000.0,CoreI7,8GB,512GBSSD
213,213,213,213,263,Laptop Acer Aspire 3 A315 58 787C i7 1165G7/8GB/512GB/Win11 (NX.ADDSV.00J),164900000.0,CoreI7,8GB,512GBSSD
214,214,214,214,265,Laptop HP Pavilion 15 eg2085TU i5 1240P/8GB/256GB/Win11 (7C0Q7PA),159900000.0,CoreI5,8GB,256GBSSD
215,215,215,215,266,Laptop Asus Vivobook 14 X1404VA i5 1335U/8GB/512GB/Win11 (NK123W),159900000.0,CoreI5,8GB,512GBSSD
216,216,216,216,267,Laptop Asus Vivobook S 14 Flip TP3402VA i3 1315U/8GB/256GB/Touch/Win11 (LZ025W),159900000.0,CoreI3,8GB,256GBSSD
217,217,217,217,268,Laptop HP Pavilion X360 14 ek0059TU i3 1215U/8GB/256GB/Touch/Win11 (6K7E1PA),146900000.0,CoreI3,8GB,256GBSSD
218,218,218,218,269,Laptop Acer Aspire 3 A315 59 5283 i5 1235U/8GB/512GB/Win11 (NX.K6TSV.00B),144900000.0,CoreI5,8GB,512GBSSD
219,219,219,219,270,Laptop Lenovo IdeaPad 3 15ITL6 i7 1165G7/8GB/512GB/Win11 (82H803CUVN),144900000.0,CoreI7,8GB,512GBSSD
220,220,220,220,271,Laptop HP Pavilion X360 14 ek0131TU i3 1215U/8GB/256GB/Touch/Win11 (7C0P6PA),144900000.0,CoreI3,8GB,256GBSSD
221,221,221,221,273,Laptop Acer Aspire 5 A514 54 5127 i5 1135G7/8GB/512GB/Win11 (NX.A28SV.007),141900000.0,CoreI5,8GB,512GBSSD
222,222,222,222,274,Laptop Lenovo V15 G3 IAP i5 1235U/8GB/512GB/Win11 (82TT0064VN),136900000.0,CoreI5,8GB,512GBSSD
223,223,223,223,275,Laptop Asus Vivobook 14 A1405VA i3 1315U/8GB/512GB/Win11 (LY097W),132900000.0,CoreI3,8GB,512GBSSD
224,224,224,224,276,Laptop Lenovo V14 G3 IAP i5 1235U/8GB/256GB/Win11 (82TS005RVN),129900000.0,CoreI5,8GB,256GBSSD
225,225,225,225,277,Laptop Itel Spirit 2 i5 1155G7/8GB/512GB/Win11 (71006300202),129900000.0,CoreI5,8GB,512GBSSD
226,226,226,226,278,Laptop HP Pavilion 15 eg2086TU i3 1215U/8GB/256GB/Win11 (7C0Q8PA),127900000.0,CoreI3,8GB,256GBSSD
227,227,227,227,279,Laptop HP Pavilion 15 eg2062TU i3 1215U/8GB/256GB/Win11 (6K790PA),124900000.0,CoreI3,8GB,256GBSSD
228,228,228,228,280,Laptop Lenovo Ideapad 3 15ITL6 i5 1155G7/8GB/512GB/Win11 (82H803RRVN),124900000.0,CoreI5,8GB,512GBSSD
229,229,229,229,281,Laptop Acer Aspire 3 A315 59 38PG i3 1215U/8GB/512GB/Win11 (NX.K6TSV.00A),106900000.0,CoreI3,8GB,512GBSSD
230,230,230,230,283,Laptop Acer Aspire 3 A314 35 P6NC N6000/4GB/512GB/Win11 (NX.A7SSV.006),102900000.0,IntelPentium,4GB,512GBSSD
231,231,231,231,284,Laptop Itel Spirit 2 i3 1115G4/8GB/256GB/Win11 (71006300240),102900000.0,CoreI3,8GB,256GBSSD
232,232,232,232,285,Laptop Lenovo Ideapad 3 15ITL6 i3 1115G4/8GB/512GB/Win11 (82H803SFVN),99900000.0,CoreI3,8GB,512GBSSD
233,233,233,233,286,Laptop Lenovo Ideapad 3 15ITL6 i3 1115G4/8GB/256GB/Win11 (82H803SGVN),89900000.0,CoreI3,8GB,256GBSSD
234,234,234,234,287,Laptop Lenovo ThinkBook 14 G3 ACL R3 5300U/8GB/256GB/Win11 (21A200RWVN),79900000.0,AMDRyzen3,8GB,256GBSSD
235,235,235,235,288,Laptop itel ABLE 1S N4020/4GB/256GB/Win11 (71006300027),54900000.0,IntelCeleron,4GB,256GBSSD
236,236,236,236,289,Laptop Masstel E140 N4120/4GB/128GB/Win10 Pro,54900000.0,IntelCeleron,4GB,128GBSSD
237,237,237,237,290,Laptop Masstel E116 N4020/4GB/128GB/Win10 Pro,29900000.0,IntelCeleron,4GB,128GBSSD
238,238,238,238,293,Laptop Lenovo IdeaPad Slim 5 Light 14ABR8 R5 7530U/16GB/512GB/Win11 (82XS002KVN),154900000.0,AMDRyzen5,16GB,512GBSSD
239,239,239,239,294,Laptop Acer Swift 3 SF314 512 56QN i5 1240P/16GB/512GB/Win11 (NX.K0FSV.002),184900000.0,CoreI5,16GB,512GBSSD
240,240,240,240,295,Laptop HP EliteBook 630 G9 i7 1255U/16GB/512GB/Win11 (6M146PA),241900000.0,CoreI7,16GB,512GBSSD
241,241,241,241,296,Laptop Asus Gaming ROG Flow Z13 GZ301VU i9 13900H/16GB/1TB/6GB RTX4050/165Hz/Touch/Pen/Túi/Win11 (MU301W),539900000.0,CoreI9,16GB,1TBSSD
242,242,242,242,297,Laptop Lenovo ThinkPad X1 Carbon Gen 10 i7 1260P/16GB/512GB/Touch/Win11 (21CB00A8VN),484900000.0,CoreI7,16GB,512GBSSD
243,243,243,243,298,Laptop HP Elitebook Dragonfly G3 i7 1255U/16GB/1TB SSD/Touch/Win11 Pro (6Z980PA),474900000.0,CoreI7,16GB,1TBSSD
244,244,244,244,299,Laptop Surface Pro 9 i7 1255U/16GB/256GB/Touch/120Hz/Win11,449900000.0,CoreI7,16GB,256GBSSD
245,245,245,245,300,Laptop Asus Zenbook S 13 OLED UX5304VA i7 1355U/32GB/1TB/Túi/Win11 (NQ126W),414900000.0,CoreI7,32GB,1TBSSD
246,246,246,246,302,Laptop LG gram 2023 i7 1360P/16GB/512GB/Win11 (14Z90R-G.AH75A5),389900000.0,CoreI7,16GB,512GBSSD
247,247,247,247,303,Laptop LG gram Style 2023 i5 1340P/16GB/512GB/90Hz/Win11 (14Z90RS-G.AH54A5),389900000.0,CoreI5,16GB,512GBSSD
248,248,248,248,304,Laptop Asus Zenbook S 13 OLED UX5304VA i7 1355U/16GB/512GB/Túi/Win11 (NQ125W),369900000.0,CoreI7,16GB,512GBSSD
249,249,249,249,305,Laptop Lenovo Yoga Duet 7 13ITL6 i7 1165G7/16GB/1TB/Touch/Pen/Win11 (82MA009PVN),364900000.0,CoreI7,16GB,1TBSSD
250,250,250,250,306,Laptop LG gram 2023 i5 1340P/16GB/256GB/Win11 (14Z90R-G.AH53A5),324900000.0,CoreI5,16GB,256GBSSD
251,251,251,251,308,Laptop Lenovo Yoga Slim 7 Carbon 13ITL5 i7 1165G7/16GB/1TB/Win11 (82EV00AWVN),297400000.0,CoreI7,16GB,1TBSSD
252,252,252,252,309,Laptop Lenovo Yoga Duet 7 13ITL6 i5 1135G7/8GB/512GB/Touch/Pen/Win11 (82MA009NVN),284900000.0,CoreI5,8GB,512GBSSD
253,253,253,253,310,Laptop Lenovo Yoga Slim 7 Carbon 13ITL5 i5 1135G7/16GB/512GB/Win11 (82EV00AVVN),246400000.0,CoreI5,16GB,512GBSSD
254,254,254,254,311,Laptop Asus ExpertBook B5402CB i5 1240P/16GB/512GB/Win11 (KI0353W),234900000.0,CoreI5,16GB,512GBSSD
255,255,255,255,312,Laptop HP Elitebook 630 G9 i5 1235U/8GB/512GB/Win11 (6M143PA),195900000.0,CoreI5,8GB,512GBSSD
256,256,256,256,313,Laptop Asus ZenBook UX325EA i5 1135G7/8GB/512GB/Cáp/Túi/Win11 (KG656W),187900000.0,CoreI5,8GB,512GBSSD
257,257,257,257,314,Laptop Acer Swift 3 SF314 511 55QE i5 1135G7/16GB/512GB/Win11 (NX.ABNSV.003),176900000.0,CoreI5,16GB,512GBSSD
258,258,258,258,315,Laptop Masstel E116 N4020/4GB/128GB/Win10 Pro,29900000.0,IntelCeleron,4GB,128GBSSD
259,259,259,259,316,Laptop Apple MacBook Air 13 inch M1 2020 8-core CPU/8GB/256GB/7-core GPU (MGN63SA/A),183900000.0,AppleM1,8GB,256GBSSD
260,260,260,260,317,Laptop Apple MacBook Pro 16 inch M1 Pro 2021 10 core-CPU/16GB/512GB/16 core-GPU (MK1E3SA/A),399900000.0,AppleM1Pro,8GB,256GBSSD
261,261,261,261,318,Laptop Apple MacBook Air 13 inch M2 2022 8-core CPU/8GB/256GB/8-core GPU (MLY13SA/A),273900000.0,AppleM2,8GB,256GBSSD
262,262,262,262,319,Laptop Apple MacBook Pro 13 inch M2 2022 8-core CPU/8GB/256GB/10-core GPU (MNEP3SA/A),295900000.0,AppleM2,8GB,256GBSSD
263,263,263,263,320,Laptop Apple MacBook Air 13 inch M2 2022 8-core CPU/16GB/512GB/10-core GPU (Z15Z0003L),379900000.0,AppleM2,8GB,256GBSSD
264,264,264,264,321,Laptop Apple MacBook Pro 13 inch M2 2022 8-core CPU/16GB/512GB/10-core GPU (Z16U),383900000.0,AppleM2,8GB,256GBSSD
265,265,265,265,324,Laptop Apple MacBook Pro 13 inch M1 2020 8-core CPU/16GB/512GB/8-core GPU (Z11C),349900000.0,AppleM1,8GB,256GBSSD
